Warning: 2 opening repetitions vs 1 games per encounter
Started game 4 of 1000 (Stockfish-2500 vs RandomV0)
Started game 3 of 1000 (RandomV0 vs Stockfish-2500)
Started game 2 of 1000 (Stockfish-2500 vs RandomV0)
Started game 1 of 1000 (RandomV0 vs Stockfish-2500)
Finished game 3 (RandomV0 vs Stockfish-2500): 0-1 {Black mates}
Score of RandomV0 vs Stockfish-2500: 0 - 1 - 0  [0.000] 1
Started game 5 of 1000 (RandomV0 vs Stockfish-2500)
Finished game 1 (RandomV0 vs Stockfish-2500): 0-1 {Black mates}
Score of RandomV0 vs Stockfish-2500: 0 - 2 - 0  [0.000] 2
Started game 6 of 1000 (Stockfish-2500 vs RandomV0)
Finished game 4 (Stockfish-2500 vs RandomV0): 1-0 {White mates}
Score of RandomV0 vs Stockfish-2500: 0 - 3 - 0  [0.000] 3
Started game 7 of 1000 (RandomV0 vs Stockfish-2500)
Finished game 2 (Stockfish-2500 vs RandomV0): 1-0 {White mates}
Score of RandomV0 vs Stockfish-2500: 0 - 4 - 0  [0.000] 4
Started game 8 of 1000 (Stockfish-2500 vs RandomV0)
Finished game 5 (RandomV0 vs Stockfish-2500): 0-1 {Black mates}
Score of RandomV0 vs Stockfish-2500: 0 - 5 - 0  [0.000] 5
Started game 9 of 1000 (RandomV0 vs Stockfish-2500)
Finished game 6 (Stockfish-2500 vs RandomV0): 1-0 {White mates}
Score of RandomV0 vs Stockfish-2500: 0 - 6 - 0  [0.000] 6
Started game 10 of 1000 (Stockfish-2500 vs RandomV0)
Finished game 7 (RandomV0 vs Stockfish-2500): 0-1 {Black mates}
Score of RandomV0 vs Stockfish-2500: 0 - 7 - 0  [0.000] 7
Started game 11 of 1000 (RandomV0 vs Stockfish-2500)
Finished game 8 (Stockfish-2500 vs RandomV0): 1-0 {White mates}
Score of RandomV0 vs Stockfish-2500: 0 - 8 - 0  [0.000] 8
Started game 12 of 1000 (Stockfish-2500 vs RandomV0)
Finished game 10 (Stockfish-2500 vs RandomV0): 1-0 {White mates}
Score of RandomV0 vs Stockfish-2500: 0 - 9 - 0  [0.000] 9
Started game 13 of 1000 (RandomV0 vs Stockfish-2500)
Finished game 9 (RandomV0 vs Stockfish-2500): 0-1 {Black mates}
Score of RandomV0 vs Stockfish-2500: 0 - 10 - 0  [0.000] 10
Started game 14 of 1000 (Stockfish-2500 vs RandomV0)
Finished game 11 (RandomV0 vs Stockfish-2500): 0-1 {Black mates}
Score of RandomV0 vs Stockfish-2500: 0 - 11 - 0  [0.000] 11
Started game 15 of 1000 (RandomV0 vs Stockfish-2500)
Finished game 14 (Stockfish-2500 vs RandomV0): 1-0 {White mates}
Score of RandomV0 vs Stockfish-2500: 0 - 12 - 0  [0.000] 12
Started game 16 of 1000 (Stockfish-2500 vs RandomV0)
Finished game 13 (RandomV0 vs Stockfish-2500): 0-1 {Black mates}
Score of RandomV0 vs Stockfish-2500: 0 - 13 - 0  [0.000] 13
Started game 17 of 1000 (RandomV0 vs Stockfish-2500)
Finished game 12 (Stockfish-2500 vs RandomV0): 1-0 {White mates}
Score of RandomV0 vs Stockfish-2500: 0 - 14 - 0  [0.000] 14
Started game 18 of 1000 (Stockfish-2500 vs RandomV0)
Finished game 18 (Stockfish-2500 vs RandomV0): 1-0 {White mates}
Score of RandomV0 vs Stockfish-2500: 0 - 15 - 0  [0.000] 15
Started game 19 of 1000 (RandomV0 vs Stockfish-2500)
Finished game 16 (Stockfish-2500 vs RandomV0): 1-0 {White mates}
Score of RandomV0 vs Stockfish-2500: 0 - 16 - 0  [0.000] 16
Started game 20 of 1000 (Stockfish-2500 vs RandomV0)
Finished game 15 (RandomV0 vs Stockfish-2500): 0-1 {Black mates}
Score of RandomV0 vs Stockfish-2500: 0 - 17 - 0  [0.000] 17
Started game 21 of 1000 (RandomV0 vs Stockfish-2500)
Finished game 20 (Stockfish-2500 vs RandomV0): 1-0 {White mates}
Score of RandomV0 vs Stockfish-2500: 0 - 18 - 0  [0.000] 18
Started game 22 of 1000 (Stockfish-2500 vs RandomV0)
Finished game 17 (RandomV0 vs Stockfish-2500): 0-1 {Black mates}
Score of RandomV0 vs Stockfish-2500: 0 - 19 - 0  [0.000] 19
Started game 23 of 1000 (RandomV0 vs Stockfish-2500)
Finished game 19 (RandomV0 vs Stockfish-2500): 0-1 {Black mates}
Score of RandomV0 vs Stockfish-2500: 0 - 20 - 0  [0.000] 20
...      RandomV0 playing White: 0 - 10 - 0  [0.000] 10
...      RandomV0 playing Black: 0 - 10 - 0  [0.000] 10
...      White vs Black: 10 - 10 - 0  [0.500] 20
Elo difference: -inf +/- nan, LOS: 0.0 %, DrawRatio: 0.0 %
SPRT: llr 0 (0.0%), lbound -inf, ubound inf
Started game 24 of 1000 (Stockfish-2500 vs RandomV0)
Finished game 21 (RandomV0 vs Stockfish-2500): 0-1 {Black mates}
Score of RandomV0 vs Stockfish-2500: 0 - 21 - 0  [0.000] 21
Started game 25 of 1000 (RandomV0 vs Stockfish-2500)
Finished game 23 (RandomV0 vs Stockfish-2500): 0-1 {Black mates}
Score of RandomV0 vs Stockfish-2500: 0 - 22 - 0  [0.000] 22
Started game 26 of 1000 (Stockfish-2500 vs RandomV0)
Finished game 22 (Stockfish-2500 vs RandomV0): 1-0 {White mates}
Score of RandomV0 vs Stockfish-2500: 0 - 23 - 0  [0.000] 23
Started game 27 of 1000 (RandomV0 vs Stockfish-2500)
Finished game 24 (Stockfish-2500 vs RandomV0): 1-0 {White mates}
Score of RandomV0 vs Stockfish-2500: 0 - 24 - 0  [0.000] 24
Started game 28 of 1000 (Stockfish-2500 vs RandomV0)
Finished game 25 (RandomV0 vs Stockfish-2500): 0-1 {Black mates}
Score of RandomV0 vs Stockfish-2500: 0 - 25 - 0  [0.000] 25
Started game 29 of 1000 (RandomV0 vs Stockfish-2500)
Finished game 29 (RandomV0 vs Stockfish-2500): 0-1 {Black mates}
Score of RandomV0 vs Stockfish-2500: 0 - 26 - 0  [0.000] 26
Started game 30 of 1000 (Stockfish-2500 vs RandomV0)
Finished game 28 (Stockfish-2500 vs RandomV0): 1-0 {White mates}
Score of RandomV0 vs Stockfish-2500: 0 - 27 - 0  [0.000] 27
Started game 31 of 1000 (RandomV0 vs Stockfish-2500)
Finished game 27 (RandomV0 vs Stockfish-2500): 0-1 {Black mates}
Score of RandomV0 vs Stockfish-2500: 0 - 28 - 0  [0.000] 28
Started game 32 of 1000 (Stockfish-2500 vs RandomV0)
Finished game 26 (Stockfish-2500 vs RandomV0): 1-0 {White mates}
Score of RandomV0 vs Stockfish-2500: 0 - 29 - 0  [0.000] 29
Started game 33 of 1000 (RandomV0 vs Stockfish-2500)
Finished game 30 (Stockfish-2500 vs RandomV0): 1-0 {White mates}
Score of RandomV0 vs Stockfish-2500: 0 - 30 - 0  [0.000] 30
Started game 34 of 1000 (Stockfish-2500 vs RandomV0)
Finished game 31 (RandomV0 vs Stockfish-2500): 0-1 {Black mates}
Score of RandomV0 vs Stockfish-2500: 0 - 31 - 0  [0.000] 31
Started game 35 of 1000 (RandomV0 vs Stockfish-2500)
Finished game 33 (RandomV0 vs Stockfish-2500): 0-1 {Black mates}
Score of RandomV0 vs Stockfish-2500: 0 - 32 - 0  [0.000] 32
Started game 36 of 1000 (Stockfish-2500 vs RandomV0)
Finished game 32 (Stockfish-2500 vs RandomV0): 1-0 {White mates}
Score of RandomV0 vs Stockfish-2500: 0 - 33 - 0  [0.000] 33
Started game 37 of 1000 (RandomV0 vs Stockfish-2500)
Finished game 34 (Stockfish-2500 vs RandomV0): 1-0 {White mates}
Score of RandomV0 vs Stockfish-2500: 0 - 34 - 0  [0.000] 34
Started game 38 of 1000 (Stockfish-2500 vs RandomV0)
Finished game 35 (RandomV0 vs Stockfish-2500): 0-1 {Black mates}
Score of RandomV0 vs Stockfish-2500: 0 - 35 - 0  [0.000] 35
Started game 39 of 1000 (RandomV0 vs Stockfish-2500)
Finished game 37 (RandomV0 vs Stockfish-2500): 0-1 {Black mates}
Score of RandomV0 vs Stockfish-2500: 0 - 36 - 0  [0.000] 36
Started game 40 of 1000 (Stockfish-2500 vs RandomV0)
Finished game 36 (Stockfish-2500 vs RandomV0): 1-0 {White mates}
Score of RandomV0 vs Stockfish-2500: 0 - 37 - 0  [0.000] 37
Started game 41 of 1000 (RandomV0 vs Stockfish-2500)
Finished game 38 (Stockfish-2500 vs RandomV0): 1-0 {White mates}
Score of RandomV0 vs Stockfish-2500: 0 - 38 - 0  [0.000] 38
Started game 42 of 1000 (Stockfish-2500 vs RandomV0)
Finished game 39 (RandomV0 vs Stockfish-2500): 0-1 {Black mates}
Score of RandomV0 vs Stockfish-2500: 0 - 39 - 0  [0.000] 39
Started game 43 of 1000 (RandomV0 vs Stockfish-2500)
Finished game 40 (Stockfish-2500 vs RandomV0): 1-0 {White mates}
Score of RandomV0 vs Stockfish-2500: 0 - 40 - 0  [0.000] 40
...      RandomV0 playing White: 0 - 20 - 0  [0.000] 20
...      RandomV0 playing Black: 0 - 20 - 0  [0.000] 20
...      White vs Black: 20 - 20 - 0  [0.500] 40
Elo difference: -inf +/- nan, LOS: 0.0 %, DrawRatio: 0.0 %
SPRT: llr 0 (0.0%), lbound -inf, ubound inf
Started game 44 of 1000 (Stockfish-2500 vs RandomV0)
Finished game 42 (Stockfish-2500 vs RandomV0): 1-0 {White mates}
Score of RandomV0 vs Stockfish-2500: 0 - 41 - 0  [0.000] 41
Started game 45 of 1000 (RandomV0 vs Stockfish-2500)
Finished game 41 (RandomV0 vs Stockfish-2500): 0-1 {Black mates}
Score of RandomV0 vs Stockfish-2500: 0 - 42 - 0  [0.000] 42
Started game 46 of 1000 (Stockfish-2500 vs RandomV0)
Finished game 43 (RandomV0 vs Stockfish-2500): 0-1 {Black mates}
Score of RandomV0 vs Stockfish-2500: 0 - 43 - 0  [0.000] 43
Started game 47 of 1000 (RandomV0 vs Stockfish-2500)
Finished game 44 (Stockfish-2500 vs RandomV0): 1-0 {White mates}
Score of RandomV0 vs Stockfish-2500: 0 - 44 - 0  [0.000] 44
Started game 48 of 1000 (Stockfish-2500 vs RandomV0)
Finished game 45 (RandomV0 vs Stockfish-2500): 0-1 {Black mates}
Score of RandomV0 vs Stockfish-2500: 0 - 45 - 0  [0.000] 45
Started game 49 of 1000 (RandomV0 vs Stockfish-2500)
Finished game 47 (RandomV0 vs Stockfish-2500): 0-1 {Black mates}
Score of RandomV0 vs Stockfish-2500: 0 - 46 - 0  [0.000] 46
Started game 50 of 1000 (Stockfish-2500 vs RandomV0)
Finished game 46 (Stockfish-2500 vs RandomV0): 1-0 {White mates}
Score of RandomV0 vs Stockfish-2500: 0 - 47 - 0  [0.000] 47
Started game 51 of 1000 (RandomV0 vs Stockfish-2500)
Finished game 48 (Stockfish-2500 vs RandomV0): 1-0 {White mates}
Score of RandomV0 vs Stockfish-2500: 0 - 48 - 0  [0.000] 48
Started game 52 of 1000 (Stockfish-2500 vs RandomV0)
Finished game 50 (Stockfish-2500 vs RandomV0): 1-0 {White mates}
Score of RandomV0 vs Stockfish-2500: 0 - 49 - 0  [0.000] 49
Started game 53 of 1000 (RandomV0 vs Stockfish-2500)
Finished game 52 (Stockfish-2500 vs RandomV0): 1-0 {White mates}
Score of RandomV0 vs Stockfish-2500: 0 - 50 - 0  [0.000] 50
Started game 54 of 1000 (Stockfish-2500 vs RandomV0)
Finished game 49 (RandomV0 vs Stockfish-2500): 0-1 {Black mates}
Score of RandomV0 vs Stockfish-2500: 0 - 51 - 0  [0.000] 51
Started game 55 of 1000 (RandomV0 vs Stockfish-2500)
Finished game 51 (RandomV0 vs Stockfish-2500): 0-1 {Black mates}
Score of RandomV0 vs Stockfish-2500: 0 - 52 - 0  [0.000] 52
Started game 56 of 1000 (Stockfish-2500 vs RandomV0)
Finished game 53 (RandomV0 vs Stockfish-2500): 0-1 {Black mates}
Score of RandomV0 vs Stockfish-2500: 0 - 53 - 0  [0.000] 53
Started game 57 of 1000 (RandomV0 vs Stockfish-2500)
Finished game 54 (Stockfish-2500 vs RandomV0): 1-0 {White mates}
Score of RandomV0 vs Stockfish-2500: 0 - 54 - 0  [0.000] 54
Started game 58 of 1000 (Stockfish-2500 vs RandomV0)
Finished game 56 (Stockfish-2500 vs RandomV0): 1-0 {White mates}
Score of RandomV0 vs Stockfish-2500: 0 - 55 - 0  [0.000] 55
Started game 59 of 1000 (RandomV0 vs Stockfish-2500)
Finished game 55 (RandomV0 vs Stockfish-2500): 0-1 {Black mates}
Score of RandomV0 vs Stockfish-2500: 0 - 56 - 0  [0.000] 56
Started game 60 of 1000 (Stockfish-2500 vs RandomV0)
Finished game 57 (RandomV0 vs Stockfish-2500): 0-1 {Black mates}
Score of RandomV0 vs Stockfish-2500: 0 - 57 - 0  [0.000] 57
Started game 61 of 1000 (RandomV0 vs Stockfish-2500)
Finished game 58 (Stockfish-2500 vs RandomV0): 1-0 {White mates}
Score of RandomV0 vs Stockfish-2500: 0 - 58 - 0  [0.000] 58
Started game 62 of 1000 (Stockfish-2500 vs RandomV0)
Finished game 60 (Stockfish-2500 vs RandomV0): 1-0 {White mates}
Score of RandomV0 vs Stockfish-2500: 0 - 59 - 0  [0.000] 59
Started game 63 of 1000 (RandomV0 vs Stockfish-2500)
Finished game 59 (RandomV0 vs Stockfish-2500): 0-1 {Black mates}
Score of RandomV0 vs Stockfish-2500: 0 - 60 - 0  [0.000] 60
...      RandomV0 playing White: 0 - 30 - 0  [0.000] 30
...      RandomV0 playing Black: 0 - 30 - 0  [0.000] 30
...      White vs Black: 30 - 30 - 0  [0.500] 60
Elo difference: -inf +/- nan, LOS: 0.0 %, DrawRatio: 0.0 %
SPRT: llr 0 (0.0%), lbound -inf, ubound inf
Started game 64 of 1000 (Stockfish-2500 vs RandomV0)
Finished game 62 (Stockfish-2500 vs RandomV0): 1-0 {White mates}
Score of RandomV0 vs Stockfish-2500: 0 - 61 - 0  [0.000] 61
Started game 65 of 1000 (RandomV0 vs Stockfish-2500)
Finished game 63 (RandomV0 vs Stockfish-2500): 0-1 {Black mates}
Score of RandomV0 vs Stockfish-2500: 0 - 62 - 0  [0.000] 62
Started game 66 of 1000 (Stockfish-2500 vs RandomV0)
Finished game 65 (RandomV0 vs Stockfish-2500): 0-1 {Black mates}
Score of RandomV0 vs Stockfish-2500: 0 - 63 - 0  [0.000] 63
Started game 67 of 1000 (RandomV0 vs Stockfish-2500)
Finished game 61 (RandomV0 vs Stockfish-2500): 0-1 {Black mates}
Score of RandomV0 vs Stockfish-2500: 0 - 64 - 0  [0.000] 64
Started game 68 of 1000 (Stockfish-2500 vs RandomV0)
Finished game 64 (Stockfish-2500 vs RandomV0): 1-0 {White mates}
Score of RandomV0 vs Stockfish-2500: 0 - 65 - 0  [0.000] 65
Started game 69 of 1000 (RandomV0 vs Stockfish-2500)
Finished game 68 (Stockfish-2500 vs RandomV0): 1-0 {White mates}
Score of RandomV0 vs Stockfish-2500: 0 - 66 - 0  [0.000] 66
Started game 70 of 1000 (Stockfish-2500 vs RandomV0)
Finished game 66 (Stockfish-2500 vs RandomV0): 1-0 {White mates}
Score of RandomV0 vs Stockfish-2500: 0 - 67 - 0  [0.000] 67
Started game 71 of 1000 (RandomV0 vs Stockfish-2500)
Finished game 67 (RandomV0 vs Stockfish-2500): 0-1 {Black mates}
Score of RandomV0 vs Stockfish-2500: 0 - 68 - 0  [0.000] 68
Started game 72 of 1000 (Stockfish-2500 vs RandomV0)
Finished game 70 (Stockfish-2500 vs RandomV0): 1-0 {White mates}
Score of RandomV0 vs Stockfish-2500: 0 - 69 - 0  [0.000] 69
Started game 73 of 1000 (RandomV0 vs Stockfish-2500)
Finished game 69 (RandomV0 vs Stockfish-2500): 0-1 {Black mates}
Score of RandomV0 vs Stockfish-2500: 0 - 70 - 0  [0.000] 70
Started game 74 of 1000 (Stockfish-2500 vs RandomV0)
Finished game 72 (Stockfish-2500 vs RandomV0): 1-0 {White mates}
Score of RandomV0 vs Stockfish-2500: 0 - 71 - 0  [0.000] 71
Started game 75 of 1000 (RandomV0 vs Stockfish-2500)
Finished game 73 (RandomV0 vs Stockfish-2500): 0-1 {Black mates}
Score of RandomV0 vs Stockfish-2500: 0 - 72 - 0  [0.000] 72
Started game 76 of 1000 (Stockfish-2500 vs RandomV0)
Finished game 71 (RandomV0 vs Stockfish-2500): 0-1 {Black mates}
Score of RandomV0 vs Stockfish-2500: 0 - 73 - 0  [0.000] 73
Started game 77 of 1000 (RandomV0 vs Stockfish-2500)
Finished game 74 (Stockfish-2500 vs RandomV0): 1-0 {White mates}
Score of RandomV0 vs Stockfish-2500: 0 - 74 - 0  [0.000] 74
Started game 78 of 1000 (Stockfish-2500 vs RandomV0)
Finished game 75 (RandomV0 vs Stockfish-2500): 0-1 {Black mates}
Score of RandomV0 vs Stockfish-2500: 0 - 75 - 0  [0.000] 75
Started game 79 of 1000 (RandomV0 vs Stockfish-2500)
Finished game 76 (Stockfish-2500 vs RandomV0): 1-0 {White mates}
Score of RandomV0 vs Stockfish-2500: 0 - 76 - 0  [0.000] 76
Started game 80 of 1000 (Stockfish-2500 vs RandomV0)
Finished game 77 (RandomV0 vs Stockfish-2500): 0-1 {Black mates}
Score of RandomV0 vs Stockfish-2500: 0 - 77 - 0  [0.000] 77
Started game 81 of 1000 (RandomV0 vs Stockfish-2500)
Finished game 79 (RandomV0 vs Stockfish-2500): 0-1 {Black mates}
Score of RandomV0 vs Stockfish-2500: 0 - 78 - 0  [0.000] 78
Started game 82 of 1000 (Stockfish-2500 vs RandomV0)
Finished game 78 (Stockfish-2500 vs RandomV0): 1-0 {White mates}
Score of RandomV0 vs Stockfish-2500: 0 - 79 - 0  [0.000] 79
Started game 83 of 1000 (RandomV0 vs Stockfish-2500)
Finished game 82 (Stockfish-2500 vs RandomV0): 1-0 {White mates}
Score of RandomV0 vs Stockfish-2500: 0 - 80 - 0  [0.000] 80
...      RandomV0 playing White: 0 - 40 - 0  [0.000] 40
...      RandomV0 playing Black: 0 - 40 - 0  [0.000] 40
...      White vs Black: 40 - 40 - 0  [0.500] 80
Elo difference: -inf +/- nan, LOS: 0.0 %, DrawRatio: 0.0 %
SPRT: llr 0 (0.0%), lbound -inf, ubound inf
Started game 84 of 1000 (Stockfish-2500 vs RandomV0)
Finished game 80 (Stockfish-2500 vs RandomV0): 1-0 {White mates}
Score of RandomV0 vs Stockfish-2500: 0 - 81 - 0  [0.000] 81
Started game 85 of 1000 (RandomV0 vs Stockfish-2500)
Finished game 81 (RandomV0 vs Stockfish-2500): 0-1 {Black mates}
Score of RandomV0 vs Stockfish-2500: 0 - 82 - 0  [0.000] 82
Started game 86 of 1000 (Stockfish-2500 vs RandomV0)
Finished game 84 (Stockfish-2500 vs RandomV0): 1-0 {White mates}
Score of RandomV0 vs Stockfish-2500: 0 - 83 - 0  [0.000] 83
Started game 87 of 1000 (RandomV0 vs Stockfish-2500)
Finished game 83 (RandomV0 vs Stockfish-2500): 0-1 {Black mates}
Score of RandomV0 vs Stockfish-2500: 0 - 84 - 0  [0.000] 84
Started game 88 of 1000 (Stockfish-2500 vs RandomV0)
Finished game 85 (RandomV0 vs Stockfish-2500): 0-1 {Black mates}
Score of RandomV0 vs Stockfish-2500: 0 - 85 - 0  [0.000] 85
Started game 89 of 1000 (RandomV0 vs Stockfish-2500)
Finished game 86 (Stockfish-2500 vs RandomV0): 1-0 {White mates}
Score of RandomV0 vs Stockfish-2500: 0 - 86 - 0  [0.000] 86
Started game 90 of 1000 (Stockfish-2500 vs RandomV0)
Finished game 89 (RandomV0 vs Stockfish-2500): 0-1 {Black mates}
Score of RandomV0 vs Stockfish-2500: 0 - 87 - 0  [0.000] 87
Started game 91 of 1000 (RandomV0 vs Stockfish-2500)
Finished game 87 (RandomV0 vs Stockfish-2500): 0-1 {Black mates}
Score of RandomV0 vs Stockfish-2500: 0 - 88 - 0  [0.000] 88
Started game 92 of 1000 (Stockfish-2500 vs RandomV0)
Finished game 88 (Stockfish-2500 vs RandomV0): 1-0 {White mates}
Score of RandomV0 vs Stockfish-2500: 0 - 89 - 0  [0.000] 89
Started game 93 of 1000 (RandomV0 vs Stockfish-2500)
Finished game 91 (RandomV0 vs Stockfish-2500): 0-1 {Black mates}
Score of RandomV0 vs Stockfish-2500: 0 - 90 - 0  [0.000] 90
Started game 94 of 1000 (Stockfish-2500 vs RandomV0)
Finished game 90 (Stockfish-2500 vs RandomV0): 1-0 {White mates}
Score of RandomV0 vs Stockfish-2500: 0 - 91 - 0  [0.000] 91
Started game 95 of 1000 (RandomV0 vs Stockfish-2500)
Finished game 93 (RandomV0 vs Stockfish-2500): 0-1 {Black mates}
Score of RandomV0 vs Stockfish-2500: 0 - 92 - 0  [0.000] 92
Started game 96 of 1000 (Stockfish-2500 vs RandomV0)
Finished game 92 (Stockfish-2500 vs RandomV0): 1-0 {White mates}
Score of RandomV0 vs Stockfish-2500: 0 - 93 - 0  [0.000] 93
Started game 97 of 1000 (RandomV0 vs Stockfish-2500)
Finished game 94 (Stockfish-2500 vs RandomV0): 1-0 {White mates}
Score of RandomV0 vs Stockfish-2500: 0 - 94 - 0  [0.000] 94
Started game 98 of 1000 (Stockfish-2500 vs RandomV0)
Finished game 95 (RandomV0 vs Stockfish-2500): 0-1 {Black mates}
Score of RandomV0 vs Stockfish-2500: 0 - 95 - 0  [0.000] 95
Started game 99 of 1000 (RandomV0 vs Stockfish-2500)
Finished game 97 (RandomV0 vs Stockfish-2500): 0-1 {Black mates}
Score of RandomV0 vs Stockfish-2500: 0 - 96 - 0  [0.000] 96
Started game 100 of 1000 (Stockfish-2500 vs RandomV0)
Finished game 96 (Stockfish-2500 vs RandomV0): 1-0 {White mates}
Score of RandomV0 vs Stockfish-2500: 0 - 97 - 0  [0.000] 97
Started game 101 of 1000 (RandomV0 vs Stockfish-2500)
Finished game 101 (RandomV0 vs Stockfish-2500): 0-1 {Black mates}
Score of RandomV0 vs Stockfish-2500: 0 - 98 - 0  [0.000] 98
Started game 102 of 1000 (Stockfish-2500 vs RandomV0)
Finished game 100 (Stockfish-2500 vs RandomV0): 1-0 {White mates}
Score of RandomV0 vs Stockfish-2500: 0 - 99 - 0  [0.000] 99
Started game 103 of 1000 (RandomV0 vs Stockfish-2500)
Finished game 98 (Stockfish-2500 vs RandomV0): 1-0 {White mates}
Score of RandomV0 vs Stockfish-2500: 0 - 100 - 0  [0.000] 100
...      RandomV0 playing White: 0 - 50 - 0  [0.000] 50
...      RandomV0 playing Black: 0 - 50 - 0  [0.000] 50
...      White vs Black: 50 - 50 - 0  [0.500] 100
Elo difference: -inf +/- nan, LOS: 0.0 %, DrawRatio: 0.0 %
SPRT: llr 0 (0.0%), lbound -inf, ubound inf
Started game 104 of 1000 (Stockfish-2500 vs RandomV0)
Finished game 102 (Stockfish-2500 vs RandomV0): 1-0 {White mates}
Score of RandomV0 vs Stockfish-2500: 0 - 101 - 0  [0.000] 101
Started game 105 of 1000 (RandomV0 vs Stockfish-2500)
Finished game 99 (RandomV0 vs Stockfish-2500): 0-1 {Black mates}
Score of RandomV0 vs Stockfish-2500: 0 - 102 - 0  [0.000] 102
Started game 106 of 1000 (Stockfish-2500 vs RandomV0)
Finished game 103 (RandomV0 vs Stockfish-2500): 0-1 {Black mates}
Score of RandomV0 vs Stockfish-2500: 0 - 103 - 0  [0.000] 103
Started game 107 of 1000 (RandomV0 vs Stockfish-2500)
Finished game 105 (RandomV0 vs Stockfish-2500): 0-1 {Black mates}
Score of RandomV0 vs Stockfish-2500: 0 - 104 - 0  [0.000] 104
Started game 108 of 1000 (Stockfish-2500 vs RandomV0)
Finished game 104 (Stockfish-2500 vs RandomV0): 1-0 {White mates}
Score of RandomV0 vs Stockfish-2500: 0 - 105 - 0  [0.000] 105
Started game 109 of 1000 (RandomV0 vs Stockfish-2500)
Finished game 106 (Stockfish-2500 vs RandomV0): 1-0 {White mates}
Score of RandomV0 vs Stockfish-2500: 0 - 106 - 0  [0.000] 106
Started game 110 of 1000 (Stockfish-2500 vs RandomV0)
Finished game 107 (RandomV0 vs Stockfish-2500): 0-1 {Black mates}
Score of RandomV0 vs Stockfish-2500: 0 - 107 - 0  [0.000] 107
Started game 111 of 1000 (RandomV0 vs Stockfish-2500)
Finished game 110 (Stockfish-2500 vs RandomV0): 1-0 {White mates}
Score of RandomV0 vs Stockfish-2500: 0 - 108 - 0  [0.000] 108
Started game 112 of 1000 (Stockfish-2500 vs RandomV0)
Finished game 108 (Stockfish-2500 vs RandomV0): 1-0 {White mates}
Score of RandomV0 vs Stockfish-2500: 0 - 109 - 0  [0.000] 109
Started game 113 of 1000 (RandomV0 vs Stockfish-2500)
Finished game 109 (RandomV0 vs Stockfish-2500): 0-1 {Black mates}
Score of RandomV0 vs Stockfish-2500: 0 - 110 - 0  [0.000] 110
Started game 114 of 1000 (Stockfish-2500 vs RandomV0)
Finished game 111 (RandomV0 vs Stockfish-2500): 0-1 {Black mates}
Score of RandomV0 vs Stockfish-2500: 0 - 111 - 0  [0.000] 111
Started game 115 of 1000 (RandomV0 vs Stockfish-2500)
Finished game 115 (RandomV0 vs Stockfish-2500): 0-1 {Black mates}
Score of RandomV0 vs Stockfish-2500: 0 - 112 - 0  [0.000] 112
Started game 116 of 1000 (Stockfish-2500 vs RandomV0)
Finished game 114 (Stockfish-2500 vs RandomV0): 1-0 {White mates}
Score of RandomV0 vs Stockfish-2500: 0 - 113 - 0  [0.000] 113
Started game 117 of 1000 (RandomV0 vs Stockfish-2500)
Finished game 112 (Stockfish-2500 vs RandomV0): 1-0 {White mates}
Score of RandomV0 vs Stockfish-2500: 0 - 114 - 0  [0.000] 114
Started game 118 of 1000 (Stockfish-2500 vs RandomV0)
Finished game 113 (RandomV0 vs Stockfish-2500): 0-1 {Black mates}
Score of RandomV0 vs Stockfish-2500: 0 - 115 - 0  [0.000] 115
Started game 119 of 1000 (RandomV0 vs Stockfish-2500)
Finished game 116 (Stockfish-2500 vs RandomV0): 1-0 {White mates}
Score of RandomV0 vs Stockfish-2500: 0 - 116 - 0  [0.000] 116
Started game 120 of 1000 (Stockfish-2500 vs RandomV0)
Finished game 118 (Stockfish-2500 vs RandomV0): 1-0 {White mates}
Score of RandomV0 vs Stockfish-2500: 0 - 117 - 0  [0.000] 117
Started game 121 of 1000 (RandomV0 vs Stockfish-2500)
Finished game 117 (RandomV0 vs Stockfish-2500): 0-1 {Black mates}
Score of RandomV0 vs Stockfish-2500: 0 - 118 - 0  [0.000] 118
Started game 122 of 1000 (Stockfish-2500 vs RandomV0)
Finished game 121 (RandomV0 vs Stockfish-2500): 0-1 {Black mates}
Score of RandomV0 vs Stockfish-2500: 0 - 119 - 0  [0.000] 119
Started game 123 of 1000 (RandomV0 vs Stockfish-2500)
Finished game 120 (Stockfish-2500 vs RandomV0): 1-0 {White mates}
Score of RandomV0 vs Stockfish-2500: 0 - 120 - 0  [0.000] 120
...      RandomV0 playing White: 0 - 60 - 0  [0.000] 60
...      RandomV0 playing Black: 0 - 60 - 0  [0.000] 60
...      White vs Black: 60 - 60 - 0  [0.500] 120
Elo difference: -inf +/- nan, LOS: 0.0 %, DrawRatio: 0.0 %
SPRT: llr 0 (0.0%), lbound -inf, ubound inf
Started game 124 of 1000 (Stockfish-2500 vs RandomV0)
Finished game 119 (RandomV0 vs Stockfish-2500): 0-1 {Black mates}
Score of RandomV0 vs Stockfish-2500: 0 - 121 - 0  [0.000] 121
Started game 125 of 1000 (RandomV0 vs Stockfish-2500)
Finished game 122 (Stockfish-2500 vs RandomV0): 1-0 {White mates}
Score of RandomV0 vs Stockfish-2500: 0 - 122 - 0  [0.000] 122
Started game 126 of 1000 (Stockfish-2500 vs RandomV0)
Finished game 124 (Stockfish-2500 vs RandomV0): 1-0 {White mates}
Score of RandomV0 vs Stockfish-2500: 0 - 123 - 0  [0.000] 123
Started game 127 of 1000 (RandomV0 vs Stockfish-2500)
Finished game 123 (RandomV0 vs Stockfish-2500): 0-1 {Black mates}
Score of RandomV0 vs Stockfish-2500: 0 - 124 - 0  [0.000] 124
Started game 128 of 1000 (Stockfish-2500 vs RandomV0)
Finished game 125 (RandomV0 vs Stockfish-2500): 0-1 {Black mates}
Score of RandomV0 vs Stockfish-2500: 0 - 125 - 0  [0.000] 125
Started game 129 of 1000 (RandomV0 vs Stockfish-2500)
Finished game 126 (Stockfish-2500 vs RandomV0): 1-0 {White mates}
Score of RandomV0 vs Stockfish-2500: 0 - 126 - 0  [0.000] 126
Started game 130 of 1000 (Stockfish-2500 vs RandomV0)
Finished game 128 (Stockfish-2500 vs RandomV0): 1-0 {White mates}
Score of RandomV0 vs Stockfish-2500: 0 - 127 - 0  [0.000] 127
Started game 131 of 1000 (RandomV0 vs Stockfish-2500)
Finished game 127 (RandomV0 vs Stockfish-2500): 0-1 {Black mates}
Score of RandomV0 vs Stockfish-2500: 0 - 128 - 0  [0.000] 128
Started game 132 of 1000 (Stockfish-2500 vs RandomV0)
Finished game 129 (RandomV0 vs Stockfish-2500): 0-1 {Black mates}
Score of RandomV0 vs Stockfish-2500: 0 - 129 - 0  [0.000] 129
Started game 133 of 1000 (RandomV0 vs Stockfish-2500)
Finished game 132 (Stockfish-2500 vs RandomV0): 1-0 {White mates}
Score of RandomV0 vs Stockfish-2500: 0 - 130 - 0  [0.000] 130
Started game 134 of 1000 (Stockfish-2500 vs RandomV0)
Finished game 130 (Stockfish-2500 vs RandomV0): 1-0 {White mates}
Score of RandomV0 vs Stockfish-2500: 0 - 131 - 0  [0.000] 131
Started game 135 of 1000 (RandomV0 vs Stockfish-2500)
Finished game 134 (Stockfish-2500 vs RandomV0): 1-0 {White mates}
Score of RandomV0 vs Stockfish-2500: 0 - 132 - 0  [0.000] 132
Started game 136 of 1000 (Stockfish-2500 vs RandomV0)
Finished game 131 (RandomV0 vs Stockfish-2500): 0-1 {Black mates}
Score of RandomV0 vs Stockfish-2500: 0 - 133 - 0  [0.000] 133
Started game 137 of 1000 (RandomV0 vs Stockfish-2500)
Finished game 135 (RandomV0 vs Stockfish-2500): 0-1 {Black mates}
Score of RandomV0 vs Stockfish-2500: 0 - 134 - 0  [0.000] 134
Started game 138 of 1000 (Stockfish-2500 vs RandomV0)
Finished game 133 (RandomV0 vs Stockfish-2500): 0-1 {Black mates}
Score of RandomV0 vs Stockfish-2500: 0 - 135 - 0  [0.000] 135
Started game 139 of 1000 (RandomV0 vs Stockfish-2500)
Finished game 136 (Stockfish-2500 vs RandomV0): 1-0 {White mates}
Score of RandomV0 vs Stockfish-2500: 0 - 136 - 0  [0.000] 136
Started game 140 of 1000 (Stockfish-2500 vs RandomV0)
Finished game 137 (RandomV0 vs Stockfish-2500): 0-1 {Black mates}
Score of RandomV0 vs Stockfish-2500: 0 - 137 - 0  [0.000] 137
Started game 141 of 1000 (RandomV0 vs Stockfish-2500)
Finished game 139 (RandomV0 vs Stockfish-2500): 0-1 {Black mates}
Score of RandomV0 vs Stockfish-2500: 0 - 138 - 0  [0.000] 138
Started game 142 of 1000 (Stockfish-2500 vs RandomV0)
Finished game 141 (RandomV0 vs Stockfish-2500): 0-1 {Black mates}
Score of RandomV0 vs Stockfish-2500: 0 - 139 - 0  [0.000] 139
Started game 143 of 1000 (RandomV0 vs Stockfish-2500)
Finished game 140 (Stockfish-2500 vs RandomV0): 1-0 {White mates}
Score of RandomV0 vs Stockfish-2500: 0 - 140 - 0  [0.000] 140
...      RandomV0 playing White: 0 - 71 - 0  [0.000] 71
...      RandomV0 playing Black: 0 - 69 - 0  [0.000] 69
...      White vs Black: 69 - 71 - 0  [0.493] 140
Elo difference: -inf +/- nan, LOS: 0.0 %, DrawRatio: 0.0 %
SPRT: llr 0 (0.0%), lbound -inf, ubound inf
Started game 144 of 1000 (Stockfish-2500 vs RandomV0)
Finished game 138 (Stockfish-2500 vs RandomV0): 1-0 {White mates}
Score of RandomV0 vs Stockfish-2500: 0 - 141 - 0  [0.000] 141
Started game 145 of 1000 (RandomV0 vs Stockfish-2500)
Finished game 142 (Stockfish-2500 vs RandomV0): 1-0 {White mates}
Score of RandomV0 vs Stockfish-2500: 0 - 142 - 0  [0.000] 142
Started game 146 of 1000 (Stockfish-2500 vs RandomV0)
Finished game 143 (RandomV0 vs Stockfish-2500): 0-1 {Black mates}
Score of RandomV0 vs Stockfish-2500: 0 - 143 - 0  [0.000] 143
Started game 147 of 1000 (RandomV0 vs Stockfish-2500)
Finished game 145 (RandomV0 vs Stockfish-2500): 0-1 {Black mates}
Score of RandomV0 vs Stockfish-2500: 0 - 144 - 0  [0.000] 144
Started game 148 of 1000 (Stockfish-2500 vs RandomV0)
Finished game 148 (Stockfish-2500 vs RandomV0): 1-0 {White mates}
Score of RandomV0 vs Stockfish-2500: 0 - 145 - 0  [0.000] 145
Started game 149 of 1000 (RandomV0 vs Stockfish-2500)
Finished game 147 (RandomV0 vs Stockfish-2500): 0-1 {Black mates}
Score of RandomV0 vs Stockfish-2500: 0 - 146 - 0  [0.000] 146
Started game 150 of 1000 (Stockfish-2500 vs RandomV0)
Finished game 144 (Stockfish-2500 vs RandomV0): 1-0 {White mates}
Score of RandomV0 vs Stockfish-2500: 0 - 147 - 0  [0.000] 147
Started game 151 of 1000 (RandomV0 vs Stockfish-2500)
Finished game 146 (Stockfish-2500 vs RandomV0): 1-0 {White mates}
Score of RandomV0 vs Stockfish-2500: 0 - 148 - 0  [0.000] 148
Started game 152 of 1000 (Stockfish-2500 vs RandomV0)
Finished game 149 (RandomV0 vs Stockfish-2500): 0-1 {Black mates}
Score of RandomV0 vs Stockfish-2500: 0 - 149 - 0  [0.000] 149
Started game 153 of 1000 (RandomV0 vs Stockfish-2500)
Finished game 151 (RandomV0 vs Stockfish-2500): 0-1 {Black mates}
Score of RandomV0 vs Stockfish-2500: 0 - 150 - 0  [0.000] 150
Started game 154 of 1000 (Stockfish-2500 vs RandomV0)
Finished game 150 (Stockfish-2500 vs RandomV0): 1-0 {White mates}
Score of RandomV0 vs Stockfish-2500: 0 - 151 - 0  [0.000] 151
Started game 155 of 1000 (RandomV0 vs Stockfish-2500)
Finished game 153 (RandomV0 vs Stockfish-2500): 0-1 {Black mates}
Score of RandomV0 vs Stockfish-2500: 0 - 152 - 0  [0.000] 152
Started game 156 of 1000 (Stockfish-2500 vs RandomV0)
Finished game 152 (Stockfish-2500 vs RandomV0): 1-0 {White mates}
Score of RandomV0 vs Stockfish-2500: 0 - 153 - 0  [0.000] 153
Started game 157 of 1000 (RandomV0 vs Stockfish-2500)
Finished game 157 (RandomV0 vs Stockfish-2500): 0-1 {Black mates}
Score of RandomV0 vs Stockfish-2500: 0 - 154 - 0  [0.000] 154
Started game 158 of 1000 (Stockfish-2500 vs RandomV0)
Finished game 154 (Stockfish-2500 vs RandomV0): 1-0 {White mates}
Score of RandomV0 vs Stockfish-2500: 0 - 155 - 0  [0.000] 155
Started game 159 of 1000 (RandomV0 vs Stockfish-2500)
Finished game 155 (RandomV0 vs Stockfish-2500): 0-1 {Black mates}
Score of RandomV0 vs Stockfish-2500: 0 - 156 - 0  [0.000] 156
Started game 160 of 1000 (Stockfish-2500 vs RandomV0)
Finished game 156 (Stockfish-2500 vs RandomV0): 1-0 {White mates}
Score of RandomV0 vs Stockfish-2500: 0 - 157 - 0  [0.000] 157
Started game 161 of 1000 (RandomV0 vs Stockfish-2500)
Finished game 158 (Stockfish-2500 vs RandomV0): 1-0 {White mates}
Score of RandomV0 vs Stockfish-2500: 0 - 158 - 0  [0.000] 158
Started game 162 of 1000 (Stockfish-2500 vs RandomV0)
Finished game 159 (RandomV0 vs Stockfish-2500): 0-1 {Black mates}
Score of RandomV0 vs Stockfish-2500: 0 - 159 - 0  [0.000] 159
Started game 163 of 1000 (RandomV0 vs Stockfish-2500)
Finished game 161 (RandomV0 vs Stockfish-2500): 0-1 {Black mates}
Score of RandomV0 vs Stockfish-2500: 0 - 160 - 0  [0.000] 160
...      RandomV0 playing White: 0 - 81 - 0  [0.000] 81
...      RandomV0 playing Black: 0 - 79 - 0  [0.000] 79
...      White vs Black: 79 - 81 - 0  [0.494] 160
Elo difference: -inf +/- nan, LOS: 0.0 %, DrawRatio: 0.0 %
SPRT: llr 0 (0.0%), lbound -inf, ubound inf
Started game 164 of 1000 (Stockfish-2500 vs RandomV0)
Finished game 162 (Stockfish-2500 vs RandomV0): 1-0 {White mates}
Score of RandomV0 vs Stockfish-2500: 0 - 161 - 0  [0.000] 161
Started game 165 of 1000 (RandomV0 vs Stockfish-2500)
Finished game 160 (Stockfish-2500 vs RandomV0): 1-0 {White mates}
Score of RandomV0 vs Stockfish-2500: 0 - 162 - 0  [0.000] 162
Started game 166 of 1000 (Stockfish-2500 vs RandomV0)
Finished game 163 (RandomV0 vs Stockfish-2500): 0-1 {Black mates}
Score of RandomV0 vs Stockfish-2500: 0 - 163 - 0  [0.000] 163
Started game 167 of 1000 (RandomV0 vs Stockfish-2500)
Finished game 165 (RandomV0 vs Stockfish-2500): 0-1 {Black mates}
Score of RandomV0 vs Stockfish-2500: 0 - 164 - 0  [0.000] 164
Started game 168 of 1000 (Stockfish-2500 vs RandomV0)
Finished game 164 (Stockfish-2500 vs RandomV0): 1-0 {White mates}
Score of RandomV0 vs Stockfish-2500: 0 - 165 - 0  [0.000] 165
Started game 169 of 1000 (RandomV0 vs Stockfish-2500)
Finished game 166 (Stockfish-2500 vs RandomV0): 1-0 {White mates}
Score of RandomV0 vs Stockfish-2500: 0 - 166 - 0  [0.000] 166
Started game 170 of 1000 (Stockfish-2500 vs RandomV0)
Finished game 167 (RandomV0 vs Stockfish-2500): 0-1 {Black mates}
Score of RandomV0 vs Stockfish-2500: 0 - 167 - 0  [0.000] 167
Started game 171 of 1000 (RandomV0 vs Stockfish-2500)
Finished game 168 (Stockfish-2500 vs RandomV0): 1-0 {White mates}
Score of RandomV0 vs Stockfish-2500: 0 - 168 - 0  [0.000] 168
Started game 172 of 1000 (Stockfish-2500 vs RandomV0)
Finished game 169 (RandomV0 vs Stockfish-2500): 0-1 {Black mates}
Score of RandomV0 vs Stockfish-2500: 0 - 169 - 0  [0.000] 169
Started game 173 of 1000 (RandomV0 vs Stockfish-2500)
Finished game 170 (Stockfish-2500 vs RandomV0): 1-0 {White mates}
Score of RandomV0 vs Stockfish-2500: 0 - 170 - 0  [0.000] 170
Started game 174 of 1000 (Stockfish-2500 vs RandomV0)
Finished game 174 (Stockfish-2500 vs RandomV0): 1-0 {White mates}
Score of RandomV0 vs Stockfish-2500: 0 - 171 - 0  [0.000] 171
Started game 175 of 1000 (RandomV0 vs Stockfish-2500)
Finished game 175 (RandomV0 vs Stockfish-2500): 0-1 {Black mates}
Score of RandomV0 vs Stockfish-2500: 0 - 172 - 0  [0.000] 172
Started game 176 of 1000 (Stockfish-2500 vs RandomV0)
Finished game 172 (Stockfish-2500 vs RandomV0): 1-0 {White mates}
Score of RandomV0 vs Stockfish-2500: 0 - 173 - 0  [0.000] 173
Started game 177 of 1000 (RandomV0 vs Stockfish-2500)
Finished game 171 (RandomV0 vs Stockfish-2500): 0-1 {Black mates}
Score of RandomV0 vs Stockfish-2500: 0 - 174 - 0  [0.000] 174
Started game 178 of 1000 (Stockfish-2500 vs RandomV0)
Finished game 177 (RandomV0 vs Stockfish-2500): 0-1 {Black mates}
Score of RandomV0 vs Stockfish-2500: 0 - 175 - 0  [0.000] 175
Started game 179 of 1000 (RandomV0 vs Stockfish-2500)
Finished game 173 (RandomV0 vs Stockfish-2500): 0-1 {Black mates}
Score of RandomV0 vs Stockfish-2500: 0 - 176 - 0  [0.000] 176
Started game 180 of 1000 (Stockfish-2500 vs RandomV0)
Finished game 178 (Stockfish-2500 vs RandomV0): 1-0 {White mates}
Score of RandomV0 vs Stockfish-2500: 0 - 177 - 0  [0.000] 177
Started game 181 of 1000 (RandomV0 vs Stockfish-2500)
Finished game 179 (RandomV0 vs Stockfish-2500): 0-1 {Black mates}
Score of RandomV0 vs Stockfish-2500: 0 - 178 - 0  [0.000] 178
Started game 182 of 1000 (Stockfish-2500 vs RandomV0)
Finished game 176 (Stockfish-2500 vs RandomV0): 1-0 {White mates}
Score of RandomV0 vs Stockfish-2500: 0 - 179 - 0  [0.000] 179
Started game 183 of 1000 (RandomV0 vs Stockfish-2500)
Finished game 180 (Stockfish-2500 vs RandomV0): 1-0 {White mates}
Score of RandomV0 vs Stockfish-2500: 0 - 180 - 0  [0.000] 180
...      RandomV0 playing White: 0 - 90 - 0  [0.000] 90
...      RandomV0 playing Black: 0 - 90 - 0  [0.000] 90
...      White vs Black: 90 - 90 - 0  [0.500] 180
Elo difference: -inf +/- nan, LOS: 0.0 %, DrawRatio: 0.0 %
SPRT: llr 0 (0.0%), lbound -inf, ubound inf
Started game 184 of 1000 (Stockfish-2500 vs RandomV0)
Finished game 181 (RandomV0 vs Stockfish-2500): 0-1 {Black mates}
Score of RandomV0 vs Stockfish-2500: 0 - 181 - 0  [0.000] 181
Started game 185 of 1000 (RandomV0 vs Stockfish-2500)
Finished game 184 (Stockfish-2500 vs RandomV0): 1-0 {White mates}
Score of RandomV0 vs Stockfish-2500: 0 - 182 - 0  [0.000] 182
Started game 186 of 1000 (Stockfish-2500 vs RandomV0)
Finished game 182 (Stockfish-2500 vs RandomV0): 1-0 {White mates}
Score of RandomV0 vs Stockfish-2500: 0 - 183 - 0  [0.000] 183
Started game 187 of 1000 (RandomV0 vs Stockfish-2500)
Finished game 183 (RandomV0 vs Stockfish-2500): 0-1 {Black mates}
Score of RandomV0 vs Stockfish-2500: 0 - 184 - 0  [0.000] 184
Started game 188 of 1000 (Stockfish-2500 vs RandomV0)
Finished game 185 (RandomV0 vs Stockfish-2500): 0-1 {Black mates}
Score of RandomV0 vs Stockfish-2500: 0 - 185 - 0  [0.000] 185
Started game 189 of 1000 (RandomV0 vs Stockfish-2500)
Finished game 187 (RandomV0 vs Stockfish-2500): 0-1 {Black mates}
Score of RandomV0 vs Stockfish-2500: 0 - 186 - 0  [0.000] 186
Started game 190 of 1000 (Stockfish-2500 vs RandomV0)
Finished game 189 (RandomV0 vs Stockfish-2500): 0-1 {Black mates}
Score of RandomV0 vs Stockfish-2500: 0 - 187 - 0  [0.000] 187
Started game 191 of 1000 (RandomV0 vs Stockfish-2500)
Finished game 186 (Stockfish-2500 vs RandomV0): 1-0 {White mates}
Score of RandomV0 vs Stockfish-2500: 0 - 188 - 0  [0.000] 188
Started game 192 of 1000 (Stockfish-2500 vs RandomV0)
Finished game 190 (Stockfish-2500 vs RandomV0): 1-0 {White mates}
Score of RandomV0 vs Stockfish-2500: 0 - 189 - 0  [0.000] 189
Started game 193 of 1000 (RandomV0 vs Stockfish-2500)
Finished game 188 (Stockfish-2500 vs RandomV0): 1-0 {White mates}
Score of RandomV0 vs Stockfish-2500: 0 - 190 - 0  [0.000] 190
Started game 194 of 1000 (Stockfish-2500 vs RandomV0)
Finished game 192 (Stockfish-2500 vs RandomV0): 1-0 {White mates}
Score of RandomV0 vs Stockfish-2500: 0 - 191 - 0  [0.000] 191
Started game 195 of 1000 (RandomV0 vs Stockfish-2500)
Finished game 191 (RandomV0 vs Stockfish-2500): 0-1 {Black mates}
Score of RandomV0 vs Stockfish-2500: 0 - 192 - 0  [0.000] 192
Started game 196 of 1000 (Stockfish-2500 vs RandomV0)
Finished game 193 (RandomV0 vs Stockfish-2500): 0-1 {Black mates}
Score of RandomV0 vs Stockfish-2500: 0 - 193 - 0  [0.000] 193
Started game 197 of 1000 (RandomV0 vs Stockfish-2500)
Finished game 194 (Stockfish-2500 vs RandomV0): 1-0 {White mates}
Score of RandomV0 vs Stockfish-2500: 0 - 194 - 0  [0.000] 194
Started game 198 of 1000 (Stockfish-2500 vs RandomV0)
Finished game 198 (Stockfish-2500 vs RandomV0): 1-0 {White mates}
Score of RandomV0 vs Stockfish-2500: 0 - 195 - 0  [0.000] 195
Started game 199 of 1000 (RandomV0 vs Stockfish-2500)
Finished game 197 (RandomV0 vs Stockfish-2500): 0-1 {Black mates}
Score of RandomV0 vs Stockfish-2500: 0 - 196 - 0  [0.000] 196
Started game 200 of 1000 (Stockfish-2500 vs RandomV0)
Finished game 195 (RandomV0 vs Stockfish-2500): 0-1 {Black mates}
Score of RandomV0 vs Stockfish-2500: 0 - 197 - 0  [0.000] 197
Started game 201 of 1000 (RandomV0 vs Stockfish-2500)
Finished game 196 (Stockfish-2500 vs RandomV0): 1-0 {White mates}
Score of RandomV0 vs Stockfish-2500: 0 - 198 - 0  [0.000] 198
Started game 202 of 1000 (Stockfish-2500 vs RandomV0)
Finished game 199 (RandomV0 vs Stockfish-2500): 0-1 {Black mates}
Score of RandomV0 vs Stockfish-2500: 0 - 199 - 0  [0.000] 199
Started game 203 of 1000 (RandomV0 vs Stockfish-2500)
Finished game 202 (Stockfish-2500 vs RandomV0): 1-0 {White mates}
Score of RandomV0 vs Stockfish-2500: 0 - 200 - 0  [0.000] 200
...      RandomV0 playing White: 0 - 100 - 0  [0.000] 100
...      RandomV0 playing Black: 0 - 100 - 0  [0.000] 100
...      White vs Black: 100 - 100 - 0  [0.500] 200
Elo difference: -inf +/- nan, LOS: 0.0 %, DrawRatio: 0.0 %
SPRT: llr 0 (0.0%), lbound -inf, ubound inf
Started game 204 of 1000 (Stockfish-2500 vs RandomV0)
Finished game 200 (Stockfish-2500 vs RandomV0): 1-0 {White mates}
Score of RandomV0 vs Stockfish-2500: 0 - 201 - 0  [0.000] 201
Started game 205 of 1000 (RandomV0 vs Stockfish-2500)
Finished game 201 (RandomV0 vs Stockfish-2500): 0-1 {Black mates}
Score of RandomV0 vs Stockfish-2500: 0 - 202 - 0  [0.000] 202
Started game 206 of 1000 (Stockfish-2500 vs RandomV0)
Finished game 203 (RandomV0 vs Stockfish-2500): 0-1 {Black mates}
Score of RandomV0 vs Stockfish-2500: 0 - 203 - 0  [0.000] 203
Started game 207 of 1000 (RandomV0 vs Stockfish-2500)
Finished game 204 (Stockfish-2500 vs RandomV0): 1-0 {White mates}
Score of RandomV0 vs Stockfish-2500: 0 - 204 - 0  [0.000] 204
Started game 208 of 1000 (Stockfish-2500 vs RandomV0)
Finished game 205 (RandomV0 vs Stockfish-2500): 0-1 {Black mates}
Score of RandomV0 vs Stockfish-2500: 0 - 205 - 0  [0.000] 205
Started game 209 of 1000 (RandomV0 vs Stockfish-2500)
Finished game 206 (Stockfish-2500 vs RandomV0): 1-0 {White mates}
Score of RandomV0 vs Stockfish-2500: 0 - 206 - 0  [0.000] 206
Started game 210 of 1000 (Stockfish-2500 vs RandomV0)
Finished game 207 (RandomV0 vs Stockfish-2500): 0-1 {Black mates}
Score of RandomV0 vs Stockfish-2500: 0 - 207 - 0  [0.000] 207
Started game 211 of 1000 (RandomV0 vs Stockfish-2500)
Finished game 208 (Stockfish-2500 vs RandomV0): 1-0 {White mates}
Score of RandomV0 vs Stockfish-2500: 0 - 208 - 0  [0.000] 208
Started game 212 of 1000 (Stockfish-2500 vs RandomV0)
Finished game 209 (RandomV0 vs Stockfish-2500): 0-1 {Black mates}
Score of RandomV0 vs Stockfish-2500: 0 - 209 - 0  [0.000] 209
Started game 213 of 1000 (RandomV0 vs Stockfish-2500)
Finished game 211 (RandomV0 vs Stockfish-2500): 0-1 {Black mates}
Score of RandomV0 vs Stockfish-2500: 0 - 210 - 0  [0.000] 210
Started game 214 of 1000 (Stockfish-2500 vs RandomV0)
Finished game 210 (Stockfish-2500 vs RandomV0): 1-0 {White mates}
Score of RandomV0 vs Stockfish-2500: 0 - 211 - 0  [0.000] 211
Started game 215 of 1000 (RandomV0 vs Stockfish-2500)
Finished game 212 (Stockfish-2500 vs RandomV0): 1-0 {White mates}
Score of RandomV0 vs Stockfish-2500: 0 - 212 - 0  [0.000] 212
Started game 216 of 1000 (Stockfish-2500 vs RandomV0)
Finished game 215 (RandomV0 vs Stockfish-2500): 0-1 {Black mates}
Score of RandomV0 vs Stockfish-2500: 0 - 213 - 0  [0.000] 213
Started game 217 of 1000 (RandomV0 vs Stockfish-2500)
Finished game 213 (RandomV0 vs Stockfish-2500): 0-1 {Black mates}
Score of RandomV0 vs Stockfish-2500: 0 - 214 - 0  [0.000] 214
Started game 218 of 1000 (Stockfish-2500 vs RandomV0)
Finished game 214 (Stockfish-2500 vs RandomV0): 1-0 {White mates}
Score of RandomV0 vs Stockfish-2500: 0 - 215 - 0  [0.000] 215
Started game 219 of 1000 (RandomV0 vs Stockfish-2500)
Finished game 217 (RandomV0 vs Stockfish-2500): 0-1 {Black mates}
Score of RandomV0 vs Stockfish-2500: 0 - 216 - 0  [0.000] 216
Started game 220 of 1000 (Stockfish-2500 vs RandomV0)
Finished game 216 (Stockfish-2500 vs RandomV0): 1-0 {White mates}
Score of RandomV0 vs Stockfish-2500: 0 - 217 - 0  [0.000] 217
Started game 221 of 1000 (RandomV0 vs Stockfish-2500)
Finished game 219 (RandomV0 vs Stockfish-2500): 0-1 {Black mates}
Score of RandomV0 vs Stockfish-2500: 0 - 218 - 0  [0.000] 218
Started game 222 of 1000 (Stockfish-2500 vs RandomV0)
Finished game 218 (Stockfish-2500 vs RandomV0): 1-0 {White mates}
Score of RandomV0 vs Stockfish-2500: 0 - 219 - 0  [0.000] 219
Started game 223 of 1000 (RandomV0 vs Stockfish-2500)
Finished game 221 (RandomV0 vs Stockfish-2500): 0-1 {Black mates}
Score of RandomV0 vs Stockfish-2500: 0 - 220 - 0  [0.000] 220
...      RandomV0 playing White: 0 - 111 - 0  [0.000] 111
...      RandomV0 playing Black: 0 - 109 - 0  [0.000] 109
...      White vs Black: 109 - 111 - 0  [0.495] 220
Elo difference: -inf +/- nan, LOS: 0.0 %, DrawRatio: 0.0 %
SPRT: llr 0 (0.0%), lbound -inf, ubound inf
Started game 224 of 1000 (Stockfish-2500 vs RandomV0)
Finished game 222 (Stockfish-2500 vs RandomV0): 1-0 {White mates}
Score of RandomV0 vs Stockfish-2500: 0 - 221 - 0  [0.000] 221
Started game 225 of 1000 (RandomV0 vs Stockfish-2500)
Finished game 220 (Stockfish-2500 vs RandomV0): 1-0 {White mates}
Score of RandomV0 vs Stockfish-2500: 0 - 222 - 0  [0.000] 222
Started game 226 of 1000 (Stockfish-2500 vs RandomV0)
Finished game 223 (RandomV0 vs Stockfish-2500): 0-1 {Black mates}
Score of RandomV0 vs Stockfish-2500: 0 - 223 - 0  [0.000] 223
Started game 227 of 1000 (RandomV0 vs Stockfish-2500)
Finished game 226 (Stockfish-2500 vs RandomV0): 1-0 {White mates}
Score of RandomV0 vs Stockfish-2500: 0 - 224 - 0  [0.000] 224
Started game 228 of 1000 (Stockfish-2500 vs RandomV0)
Finished game 225 (RandomV0 vs Stockfish-2500): 0-1 {Black mates}
Score of RandomV0 vs Stockfish-2500: 0 - 225 - 0  [0.000] 225
Started game 229 of 1000 (RandomV0 vs Stockfish-2500)
Finished game 224 (Stockfish-2500 vs RandomV0): 1-0 {White mates}
Score of RandomV0 vs Stockfish-2500: 0 - 226 - 0  [0.000] 226
Started game 230 of 1000 (Stockfish-2500 vs RandomV0)
Finished game 227 (RandomV0 vs Stockfish-2500): 0-1 {Black mates}
Score of RandomV0 vs Stockfish-2500: 0 - 227 - 0  [0.000] 227
Started game 231 of 1000 (RandomV0 vs Stockfish-2500)
Finished game 228 (Stockfish-2500 vs RandomV0): 1-0 {White mates}
Score of RandomV0 vs Stockfish-2500: 0 - 228 - 0  [0.000] 228
Started game 232 of 1000 (Stockfish-2500 vs RandomV0)
Finished game 231 (RandomV0 vs Stockfish-2500): 0-1 {Black mates}
Score of RandomV0 vs Stockfish-2500: 0 - 229 - 0  [0.000] 229
Started game 233 of 1000 (RandomV0 vs Stockfish-2500)
Finished game 230 (Stockfish-2500 vs RandomV0): 1-0 {White mates}
Score of RandomV0 vs Stockfish-2500: 0 - 230 - 0  [0.000] 230
Started game 234 of 1000 (Stockfish-2500 vs RandomV0)
Finished game 232 (Stockfish-2500 vs RandomV0): 1-0 {White mates}
Score of RandomV0 vs Stockfish-2500: 0 - 231 - 0  [0.000] 231
Started game 235 of 1000 (RandomV0 vs Stockfish-2500)
Finished game 229 (RandomV0 vs Stockfish-2500): 0-1 {Black mates}
Score of RandomV0 vs Stockfish-2500: 0 - 232 - 0  [0.000] 232
Started game 236 of 1000 (Stockfish-2500 vs RandomV0)
Finished game 234 (Stockfish-2500 vs RandomV0): 1-0 {White mates}
Score of RandomV0 vs Stockfish-2500: 0 - 233 - 0  [0.000] 233
Started game 237 of 1000 (RandomV0 vs Stockfish-2500)
Finished game 233 (RandomV0 vs Stockfish-2500): 0-1 {Black mates}
Score of RandomV0 vs Stockfish-2500: 0 - 234 - 0  [0.000] 234
Started game 238 of 1000 (Stockfish-2500 vs RandomV0)
Finished game 235 (RandomV0 vs Stockfish-2500): 0-1 {Black mates}
Score of RandomV0 vs Stockfish-2500: 0 - 235 - 0  [0.000] 235
Started game 239 of 1000 (RandomV0 vs Stockfish-2500)
Finished game 236 (Stockfish-2500 vs RandomV0): 1-0 {White mates}
Score of RandomV0 vs Stockfish-2500: 0 - 236 - 0  [0.000] 236
Started game 240 of 1000 (Stockfish-2500 vs RandomV0)
Finished game 237 (RandomV0 vs Stockfish-2500): 0-1 {Black mates}
Score of RandomV0 vs Stockfish-2500: 0 - 237 - 0  [0.000] 237
Started game 241 of 1000 (RandomV0 vs Stockfish-2500)
Finished game 238 (Stockfish-2500 vs RandomV0): 1-0 {White mates}
Score of RandomV0 vs Stockfish-2500: 0 - 238 - 0  [0.000] 238
Started game 242 of 1000 (Stockfish-2500 vs RandomV0)
Finished game 242 (Stockfish-2500 vs RandomV0): 1-0 {White mates}
Score of RandomV0 vs Stockfish-2500: 0 - 239 - 0  [0.000] 239
Started game 243 of 1000 (RandomV0 vs Stockfish-2500)
Finished game 239 (RandomV0 vs Stockfish-2500): 0-1 {Black mates}
Score of RandomV0 vs Stockfish-2500: 0 - 240 - 0  [0.000] 240
...      RandomV0 playing White: 0 - 120 - 0  [0.000] 120
...      RandomV0 playing Black: 0 - 120 - 0  [0.000] 120
...      White vs Black: 120 - 120 - 0  [0.500] 240
Elo difference: -inf +/- nan, LOS: 0.0 %, DrawRatio: 0.0 %
SPRT: llr 0 (0.0%), lbound -inf, ubound inf
Started game 244 of 1000 (Stockfish-2500 vs RandomV0)
Finished game 241 (RandomV0 vs Stockfish-2500): 0-1 {Black mates}
Score of RandomV0 vs Stockfish-2500: 0 - 241 - 0  [0.000] 241
Started game 245 of 1000 (RandomV0 vs Stockfish-2500)
Finished game 240 (Stockfish-2500 vs RandomV0): 1-0 {White mates}
Score of RandomV0 vs Stockfish-2500: 0 - 242 - 0  [0.000] 242
Started game 246 of 1000 (Stockfish-2500 vs RandomV0)
Finished game 243 (RandomV0 vs Stockfish-2500): 0-1 {Black mates}
Score of RandomV0 vs Stockfish-2500: 0 - 243 - 0  [0.000] 243
Started game 247 of 1000 (RandomV0 vs Stockfish-2500)
Finished game 245 (RandomV0 vs Stockfish-2500): 0-1 {Black mates}
Score of RandomV0 vs Stockfish-2500: 0 - 244 - 0  [0.000] 244
Started game 248 of 1000 (Stockfish-2500 vs RandomV0)
Finished game 244 (Stockfish-2500 vs RandomV0): 1-0 {White mates}
Score of RandomV0 vs Stockfish-2500: 0 - 245 - 0  [0.000] 245
Started game 249 of 1000 (RandomV0 vs Stockfish-2500)
Finished game 247 (RandomV0 vs Stockfish-2500): 0-1 {Black mates}
Score of RandomV0 vs Stockfish-2500: 0 - 246 - 0  [0.000] 246
Started game 250 of 1000 (Stockfish-2500 vs RandomV0)
Finished game 246 (Stockfish-2500 vs RandomV0): 1-0 {White mates}
Score of RandomV0 vs Stockfish-2500: 0 - 247 - 0  [0.000] 247
Started game 251 of 1000 (RandomV0 vs Stockfish-2500)
Finished game 248 (Stockfish-2500 vs RandomV0): 1-0 {White mates}
Score of RandomV0 vs Stockfish-2500: 0 - 248 - 0  [0.000] 248
Started game 252 of 1000 (Stockfish-2500 vs RandomV0)
Finished game 249 (RandomV0 vs Stockfish-2500): 0-1 {Black mates}
Score of RandomV0 vs Stockfish-2500: 0 - 249 - 0  [0.000] 249
Started game 253 of 1000 (RandomV0 vs Stockfish-2500)
Finished game 250 (Stockfish-2500 vs RandomV0): 1-0 {White mates}
Score of RandomV0 vs Stockfish-2500: 0 - 250 - 0  [0.000] 250
Started game 254 of 1000 (Stockfish-2500 vs RandomV0)
Finished game 251 (RandomV0 vs Stockfish-2500): 0-1 {Black mates}
Score of RandomV0 vs Stockfish-2500: 0 - 251 - 0  [0.000] 251
Started game 255 of 1000 (RandomV0 vs Stockfish-2500)
Finished game 254 (Stockfish-2500 vs RandomV0): 1-0 {White mates}
Score of RandomV0 vs Stockfish-2500: 0 - 252 - 0  [0.000] 252
Started game 256 of 1000 (Stockfish-2500 vs RandomV0)
Finished game 253 (RandomV0 vs Stockfish-2500): 0-1 {Black mates}
Score of RandomV0 vs Stockfish-2500: 0 - 253 - 0  [0.000] 253
Started game 257 of 1000 (RandomV0 vs Stockfish-2500)
Finished game 252 (Stockfish-2500 vs RandomV0): 1-0 {White mates}
Score of RandomV0 vs Stockfish-2500: 0 - 254 - 0  [0.000] 254
Started game 258 of 1000 (Stockfish-2500 vs RandomV0)
Finished game 255 (RandomV0 vs Stockfish-2500): 0-1 {Black mates}
Score of RandomV0 vs Stockfish-2500: 0 - 255 - 0  [0.000] 255
Started game 259 of 1000 (RandomV0 vs Stockfish-2500)
Finished game 256 (Stockfish-2500 vs RandomV0): 1-0 {White mates}
Score of RandomV0 vs Stockfish-2500: 0 - 256 - 0  [0.000] 256
Started game 260 of 1000 (Stockfish-2500 vs RandomV0)
Finished game 259 (RandomV0 vs Stockfish-2500): 0-1 {Black mates}
Score of RandomV0 vs Stockfish-2500: 0 - 257 - 0  [0.000] 257
Started game 261 of 1000 (RandomV0 vs Stockfish-2500)
Finished game 257 (RandomV0 vs Stockfish-2500): 0-1 {Black mates}
Score of RandomV0 vs Stockfish-2500: 0 - 258 - 0  [0.000] 258
Started game 262 of 1000 (Stockfish-2500 vs RandomV0)
Finished game 258 (Stockfish-2500 vs RandomV0): 1-0 {White mates}
Score of RandomV0 vs Stockfish-2500: 0 - 259 - 0  [0.000] 259
Started game 263 of 1000 (RandomV0 vs Stockfish-2500)
Finished game 260 (Stockfish-2500 vs RandomV0): 1-0 {White mates}
Score of RandomV0 vs Stockfish-2500: 0 - 260 - 0  [0.000] 260
...      RandomV0 playing White: 0 - 130 - 0  [0.000] 130
...      RandomV0 playing Black: 0 - 130 - 0  [0.000] 130
...      White vs Black: 130 - 130 - 0  [0.500] 260
Elo difference: -inf +/- nan, LOS: 0.0 %, DrawRatio: 0.0 %
SPRT: llr 0 (0.0%), lbound -inf, ubound inf
Started game 264 of 1000 (Stockfish-2500 vs RandomV0)
Finished game 262 (Stockfish-2500 vs RandomV0): 1-0 {White mates}
Score of RandomV0 vs Stockfish-2500: 0 - 261 - 0  [0.000] 261
Started game 265 of 1000 (RandomV0 vs Stockfish-2500)
Finished game 263 (RandomV0 vs Stockfish-2500): 0-1 {Black mates}
Score of RandomV0 vs Stockfish-2500: 0 - 262 - 0  [0.000] 262
Started game 266 of 1000 (Stockfish-2500 vs RandomV0)
Finished game 261 (RandomV0 vs Stockfish-2500): 0-1 {Black mates}
Score of RandomV0 vs Stockfish-2500: 0 - 263 - 0  [0.000] 263
Started game 267 of 1000 (RandomV0 vs Stockfish-2500)
Finished game 264 (Stockfish-2500 vs RandomV0): 1-0 {White mates}
Score of RandomV0 vs Stockfish-2500: 0 - 264 - 0  [0.000] 264
Started game 268 of 1000 (Stockfish-2500 vs RandomV0)
Finished game 267 (RandomV0 vs Stockfish-2500): 0-1 {Black mates}
Score of RandomV0 vs Stockfish-2500: 0 - 265 - 0  [0.000] 265
Started game 269 of 1000 (RandomV0 vs Stockfish-2500)
Finished game 265 (RandomV0 vs Stockfish-2500): 0-1 {Black mates}
Score of RandomV0 vs Stockfish-2500: 0 - 266 - 0  [0.000] 266
Started game 270 of 1000 (Stockfish-2500 vs RandomV0)
Finished game 268 (Stockfish-2500 vs RandomV0): 1-0 {White mates}
Score of RandomV0 vs Stockfish-2500: 0 - 267 - 0  [0.000] 267
Started game 271 of 1000 (RandomV0 vs Stockfish-2500)
Finished game 270 (Stockfish-2500 vs RandomV0): 1-0 {White mates}
Score of RandomV0 vs Stockfish-2500: 0 - 268 - 0  [0.000] 268
Started game 272 of 1000 (Stockfish-2500 vs RandomV0)
Finished game 269 (RandomV0 vs Stockfish-2500): 0-1 {Black mates}
Score of RandomV0 vs Stockfish-2500: 0 - 269 - 0  [0.000] 269
Started game 273 of 1000 (RandomV0 vs Stockfish-2500)
Finished game 266 (Stockfish-2500 vs RandomV0): 1-0 {White mates}
Score of RandomV0 vs Stockfish-2500: 0 - 270 - 0  [0.000] 270
Started game 274 of 1000 (Stockfish-2500 vs RandomV0)
Finished game 271 (RandomV0 vs Stockfish-2500): 0-1 {Black mates}
Score of RandomV0 vs Stockfish-2500: 0 - 271 - 0  [0.000] 271
Started game 275 of 1000 (RandomV0 vs Stockfish-2500)
Finished game 272 (Stockfish-2500 vs RandomV0): 1-0 {White mates}
Score of RandomV0 vs Stockfish-2500: 0 - 272 - 0  [0.000] 272
Started game 276 of 1000 (Stockfish-2500 vs RandomV0)
Finished game 274 (Stockfish-2500 vs RandomV0): 1-0 {White mates}
Score of RandomV0 vs Stockfish-2500: 0 - 273 - 0  [0.000] 273
Started game 277 of 1000 (RandomV0 vs Stockfish-2500)
Finished game 273 (RandomV0 vs Stockfish-2500): 0-1 {Black mates}
Score of RandomV0 vs Stockfish-2500: 0 - 274 - 0  [0.000] 274
Started game 278 of 1000 (Stockfish-2500 vs RandomV0)
Finished game 276 (Stockfish-2500 vs RandomV0): 1-0 {White mates}
Score of RandomV0 vs Stockfish-2500: 0 - 275 - 0  [0.000] 275
Started game 279 of 1000 (RandomV0 vs Stockfish-2500)
Finished game 277 (RandomV0 vs Stockfish-2500): 0-1 {Black mates}
Score of RandomV0 vs Stockfish-2500: 0 - 276 - 0  [0.000] 276
Started game 280 of 1000 (Stockfish-2500 vs RandomV0)
Finished game 275 (RandomV0 vs Stockfish-2500): 0-1 {Black mates}
Score of RandomV0 vs Stockfish-2500: 0 - 277 - 0  [0.000] 277
Started game 281 of 1000 (RandomV0 vs Stockfish-2500)
Finished game 279 (RandomV0 vs Stockfish-2500): 0-1 {Black mates}
Score of RandomV0 vs Stockfish-2500: 0 - 278 - 0  [0.000] 278
Started game 282 of 1000 (Stockfish-2500 vs RandomV0)
Finished game 278 (Stockfish-2500 vs RandomV0): 1-0 {White mates}
Score of RandomV0 vs Stockfish-2500: 0 - 279 - 0  [0.000] 279
Started game 283 of 1000 (RandomV0 vs Stockfish-2500)
Finished game 281 (RandomV0 vs Stockfish-2500): 0-1 {Black mates}
Score of RandomV0 vs Stockfish-2500: 0 - 280 - 0  [0.000] 280
...      RandomV0 playing White: 0 - 141 - 0  [0.000] 141
...      RandomV0 playing Black: 0 - 139 - 0  [0.000] 139
...      White vs Black: 139 - 141 - 0  [0.496] 280
Elo difference: -inf +/- nan, LOS: 0.0 %, DrawRatio: 0.0 %
SPRT: llr 0 (0.0%), lbound -inf, ubound inf
Started game 284 of 1000 (Stockfish-2500 vs RandomV0)
Finished game 280 (Stockfish-2500 vs RandomV0): 1-0 {White mates}
Score of RandomV0 vs Stockfish-2500: 0 - 281 - 0  [0.000] 281
Started game 285 of 1000 (RandomV0 vs Stockfish-2500)
Finished game 282 (Stockfish-2500 vs RandomV0): 1-0 {White mates}
Score of RandomV0 vs Stockfish-2500: 0 - 282 - 0  [0.000] 282
Started game 286 of 1000 (Stockfish-2500 vs RandomV0)
Finished game 285 (RandomV0 vs Stockfish-2500): 0-1 {Black mates}
Score of RandomV0 vs Stockfish-2500: 0 - 283 - 0  [0.000] 283
Started game 287 of 1000 (RandomV0 vs Stockfish-2500)
Finished game 283 (RandomV0 vs Stockfish-2500): 0-1 {Black mates}
Score of RandomV0 vs Stockfish-2500: 0 - 284 - 0  [0.000] 284
Started game 288 of 1000 (Stockfish-2500 vs RandomV0)
Finished game 284 (Stockfish-2500 vs RandomV0): 1-0 {White mates}
Score of RandomV0 vs Stockfish-2500: 0 - 285 - 0  [0.000] 285
Started game 289 of 1000 (RandomV0 vs Stockfish-2500)
Finished game 288 (Stockfish-2500 vs RandomV0): 1-0 {White mates}
Score of RandomV0 vs Stockfish-2500: 0 - 286 - 0  [0.000] 286
Started game 290 of 1000 (Stockfish-2500 vs RandomV0)
Finished game 286 (Stockfish-2500 vs RandomV0): 1-0 {White mates}
Score of RandomV0 vs Stockfish-2500: 0 - 287 - 0  [0.000] 287
Started game 291 of 1000 (RandomV0 vs Stockfish-2500)
Finished game 287 (RandomV0 vs Stockfish-2500): 0-1 {Black mates}
Score of RandomV0 vs Stockfish-2500: 0 - 288 - 0  [0.000] 288
Started game 292 of 1000 (Stockfish-2500 vs RandomV0)
Finished game 291 (RandomV0 vs Stockfish-2500): 0-1 {Black mates}
Score of RandomV0 vs Stockfish-2500: 0 - 289 - 0  [0.000] 289
Started game 293 of 1000 (RandomV0 vs Stockfish-2500)
Finished game 289 (RandomV0 vs Stockfish-2500): 0-1 {Black mates}
Score of RandomV0 vs Stockfish-2500: 0 - 290 - 0  [0.000] 290
Started game 294 of 1000 (Stockfish-2500 vs RandomV0)
Finished game 290 (Stockfish-2500 vs RandomV0): 1-0 {White mates}
Score of RandomV0 vs Stockfish-2500: 0 - 291 - 0  [0.000] 291
Started game 295 of 1000 (RandomV0 vs Stockfish-2500)
Finished game 292 (Stockfish-2500 vs RandomV0): 1-0 {White mates}
Score of RandomV0 vs Stockfish-2500: 0 - 292 - 0  [0.000] 292
Started game 296 of 1000 (Stockfish-2500 vs RandomV0)
Finished game 293 (RandomV0 vs Stockfish-2500): 0-1 {Black mates}
Score of RandomV0 vs Stockfish-2500: 0 - 293 - 0  [0.000] 293
Started game 297 of 1000 (RandomV0 vs Stockfish-2500)
Finished game 296 (Stockfish-2500 vs RandomV0): 1-0 {White mates}
Score of RandomV0 vs Stockfish-2500: 0 - 294 - 0  [0.000] 294
Started game 298 of 1000 (Stockfish-2500 vs RandomV0)
Finished game 295 (RandomV0 vs Stockfish-2500): 0-1 {Black mates}
Score of RandomV0 vs Stockfish-2500: 0 - 295 - 0  [0.000] 295
Started game 299 of 1000 (RandomV0 vs Stockfish-2500)
Finished game 294 (Stockfish-2500 vs RandomV0): 1-0 {White mates}
Score of RandomV0 vs Stockfish-2500: 0 - 296 - 0  [0.000] 296
Started game 300 of 1000 (Stockfish-2500 vs RandomV0)
Finished game 297 (RandomV0 vs Stockfish-2500): 0-1 {Black mates}
Score of RandomV0 vs Stockfish-2500: 0 - 297 - 0  [0.000] 297
Started game 301 of 1000 (RandomV0 vs Stockfish-2500)
Finished game 298 (Stockfish-2500 vs RandomV0): 1-0 {White mates}
Score of RandomV0 vs Stockfish-2500: 0 - 298 - 0  [0.000] 298
Started game 302 of 1000 (Stockfish-2500 vs RandomV0)
Finished game 300 (Stockfish-2500 vs RandomV0): 1-0 {White mates}
Score of RandomV0 vs Stockfish-2500: 0 - 299 - 0  [0.000] 299
Started game 303 of 1000 (RandomV0 vs Stockfish-2500)
Finished game 301 (RandomV0 vs Stockfish-2500): 0-1 {Black mates}
Score of RandomV0 vs Stockfish-2500: 0 - 300 - 0  [0.000] 300
...      RandomV0 playing White: 0 - 150 - 0  [0.000] 150
...      RandomV0 playing Black: 0 - 150 - 0  [0.000] 150
...      White vs Black: 150 - 150 - 0  [0.500] 300
Elo difference: -inf +/- nan, LOS: 0.0 %, DrawRatio: 0.0 %
SPRT: llr 0 (0.0%), lbound -inf, ubound inf
Started game 304 of 1000 (Stockfish-2500 vs RandomV0)
Finished game 302 (Stockfish-2500 vs RandomV0): 1-0 {White mates}
Score of RandomV0 vs Stockfish-2500: 0 - 301 - 0  [0.000] 301
Started game 305 of 1000 (RandomV0 vs Stockfish-2500)
Finished game 299 (RandomV0 vs Stockfish-2500): 0-1 {Black mates}
Score of RandomV0 vs Stockfish-2500: 0 - 302 - 0  [0.000] 302
Started game 306 of 1000 (Stockfish-2500 vs RandomV0)
Finished game 303 (RandomV0 vs Stockfish-2500): 0-1 {Black mates}
Score of RandomV0 vs Stockfish-2500: 0 - 303 - 0  [0.000] 303
Started game 307 of 1000 (RandomV0 vs Stockfish-2500)
Finished game 304 (Stockfish-2500 vs RandomV0): 1-0 {White mates}
Score of RandomV0 vs Stockfish-2500: 0 - 304 - 0  [0.000] 304
Started game 308 of 1000 (Stockfish-2500 vs RandomV0)
Finished game 306 (Stockfish-2500 vs RandomV0): 1-0 {White mates}
Score of RandomV0 vs Stockfish-2500: 0 - 305 - 0  [0.000] 305
Started game 309 of 1000 (RandomV0 vs Stockfish-2500)
Finished game 305 (RandomV0 vs Stockfish-2500): 0-1 {Black mates}
Score of RandomV0 vs Stockfish-2500: 0 - 306 - 0  [0.000] 306
Started game 310 of 1000 (Stockfish-2500 vs RandomV0)
Finished game 307 (RandomV0 vs Stockfish-2500): 0-1 {Black mates}
Score of RandomV0 vs Stockfish-2500: 0 - 307 - 0  [0.000] 307
Started game 311 of 1000 (RandomV0 vs Stockfish-2500)
Finished game 308 (Stockfish-2500 vs RandomV0): 1-0 {White mates}
Score of RandomV0 vs Stockfish-2500: 0 - 308 - 0  [0.000] 308
Started game 312 of 1000 (Stockfish-2500 vs RandomV0)
Finished game 309 (RandomV0 vs Stockfish-2500): 0-1 {Black mates}
Score of RandomV0 vs Stockfish-2500: 0 - 309 - 0  [0.000] 309
Started game 313 of 1000 (RandomV0 vs Stockfish-2500)
Finished game 311 (RandomV0 vs Stockfish-2500): 0-1 {Black mates}
Score of RandomV0 vs Stockfish-2500: 0 - 310 - 0  [0.000] 310
Started game 314 of 1000 (Stockfish-2500 vs RandomV0)
Finished game 310 (Stockfish-2500 vs RandomV0): 1-0 {White mates}
Score of RandomV0 vs Stockfish-2500: 0 - 311 - 0  [0.000] 311
Started game 315 of 1000 (RandomV0 vs Stockfish-2500)
Finished game 313 (RandomV0 vs Stockfish-2500): 0-1 {Black mates}
Score of RandomV0 vs Stockfish-2500: 0 - 312 - 0  [0.000] 312
Started game 316 of 1000 (Stockfish-2500 vs RandomV0)
Finished game 315 (RandomV0 vs Stockfish-2500): 0-1 {Black mates}
Score of RandomV0 vs Stockfish-2500: 0 - 313 - 0  [0.000] 313
Started game 317 of 1000 (RandomV0 vs Stockfish-2500)
Finished game 312 (Stockfish-2500 vs RandomV0): 1-0 {White mates}
Score of RandomV0 vs Stockfish-2500: 0 - 314 - 0  [0.000] 314
Started game 318 of 1000 (Stockfish-2500 vs RandomV0)
Finished game 316 (Stockfish-2500 vs RandomV0): 1-0 {White mates}
Score of RandomV0 vs Stockfish-2500: 0 - 315 - 0  [0.000] 315
Started game 319 of 1000 (RandomV0 vs Stockfish-2500)
Finished game 314 (Stockfish-2500 vs RandomV0): 1-0 {White mates}
Score of RandomV0 vs Stockfish-2500: 0 - 316 - 0  [0.000] 316
Started game 320 of 1000 (Stockfish-2500 vs RandomV0)
Finished game 317 (RandomV0 vs Stockfish-2500): 0-1 {Black mates}
Score of RandomV0 vs Stockfish-2500: 0 - 317 - 0  [0.000] 317
Started game 321 of 1000 (RandomV0 vs Stockfish-2500)
Finished game 318 (Stockfish-2500 vs RandomV0): 1-0 {White mates}
Score of RandomV0 vs Stockfish-2500: 0 - 318 - 0  [0.000] 318
Started game 322 of 1000 (Stockfish-2500 vs RandomV0)
Finished game 319 (RandomV0 vs Stockfish-2500): 0-1 {Black mates}
Score of RandomV0 vs Stockfish-2500: 0 - 319 - 0  [0.000] 319
Started game 323 of 1000 (RandomV0 vs Stockfish-2500)
Finished game 320 (Stockfish-2500 vs RandomV0): 1-0 {White mates}
Score of RandomV0 vs Stockfish-2500: 0 - 320 - 0  [0.000] 320
...      RandomV0 playing White: 0 - 160 - 0  [0.000] 160
...      RandomV0 playing Black: 0 - 160 - 0  [0.000] 160
...      White vs Black: 160 - 160 - 0  [0.500] 320
Elo difference: -inf +/- nan, LOS: 0.0 %, DrawRatio: 0.0 %
SPRT: llr 0 (0.0%), lbound -inf, ubound inf
Started game 324 of 1000 (Stockfish-2500 vs RandomV0)
Finished game 321 (RandomV0 vs Stockfish-2500): 0-1 {Black mates}
Score of RandomV0 vs Stockfish-2500: 0 - 321 - 0  [0.000] 321
Started game 325 of 1000 (RandomV0 vs Stockfish-2500)
Finished game 322 (Stockfish-2500 vs RandomV0): 1-0 {White mates}
Score of RandomV0 vs Stockfish-2500: 0 - 322 - 0  [0.000] 322
Started game 326 of 1000 (Stockfish-2500 vs RandomV0)
Finished game 323 (RandomV0 vs Stockfish-2500): 0-1 {Black mates}
Score of RandomV0 vs Stockfish-2500: 0 - 323 - 0  [0.000] 323
Started game 327 of 1000 (RandomV0 vs Stockfish-2500)
Finished game 324 (Stockfish-2500 vs RandomV0): 1-0 {White mates}
Score of RandomV0 vs Stockfish-2500: 0 - 324 - 0  [0.000] 324
Started game 328 of 1000 (Stockfish-2500 vs RandomV0)
Finished game 325 (RandomV0 vs Stockfish-2500): 0-1 {Black mates}
Score of RandomV0 vs Stockfish-2500: 0 - 325 - 0  [0.000] 325
Started game 329 of 1000 (RandomV0 vs Stockfish-2500)
Finished game 326 (Stockfish-2500 vs RandomV0): 1-0 {White mates}
Score of RandomV0 vs Stockfish-2500: 0 - 326 - 0  [0.000] 326
Started game 330 of 1000 (Stockfish-2500 vs RandomV0)
Finished game 328 (Stockfish-2500 vs RandomV0): 1-0 {White mates}
Score of RandomV0 vs Stockfish-2500: 0 - 327 - 0  [0.000] 327
Started game 331 of 1000 (RandomV0 vs Stockfish-2500)
Finished game 327 (RandomV0 vs Stockfish-2500): 0-1 {Black mates}
Score of RandomV0 vs Stockfish-2500: 0 - 328 - 0  [0.000] 328
Started game 332 of 1000 (Stockfish-2500 vs RandomV0)
Finished game 329 (RandomV0 vs Stockfish-2500): 0-1 {Black mates}
Score of RandomV0 vs Stockfish-2500: 0 - 329 - 0  [0.000] 329
Started game 333 of 1000 (RandomV0 vs Stockfish-2500)
Finished game 330 (Stockfish-2500 vs RandomV0): 1-0 {White mates}
Score of RandomV0 vs Stockfish-2500: 0 - 330 - 0  [0.000] 330
Started game 334 of 1000 (Stockfish-2500 vs RandomV0)
Finished game 332 (Stockfish-2500 vs RandomV0): 1-0 {White mates}
Score of RandomV0 vs Stockfish-2500: 0 - 331 - 0  [0.000] 331
Started game 335 of 1000 (RandomV0 vs Stockfish-2500)
Finished game 331 (RandomV0 vs Stockfish-2500): 0-1 {Black mates}
Score of RandomV0 vs Stockfish-2500: 0 - 332 - 0  [0.000] 332
Started game 336 of 1000 (Stockfish-2500 vs RandomV0)
Finished game 333 (RandomV0 vs Stockfish-2500): 0-1 {Black mates}
Score of RandomV0 vs Stockfish-2500: 0 - 333 - 0  [0.000] 333
Started game 337 of 1000 (RandomV0 vs Stockfish-2500)
Finished game 335 (RandomV0 vs Stockfish-2500): 0-1 {Black mates}
Score of RandomV0 vs Stockfish-2500: 0 - 334 - 0  [0.000] 334
Started game 338 of 1000 (Stockfish-2500 vs RandomV0)
Finished game 334 (Stockfish-2500 vs RandomV0): 1-0 {White mates}
Score of RandomV0 vs Stockfish-2500: 0 - 335 - 0  [0.000] 335
Started game 339 of 1000 (RandomV0 vs Stockfish-2500)
Finished game 336 (Stockfish-2500 vs RandomV0): 1-0 {White mates}
Score of RandomV0 vs Stockfish-2500: 0 - 336 - 0  [0.000] 336
Started game 340 of 1000 (Stockfish-2500 vs RandomV0)
Finished game 340 (Stockfish-2500 vs RandomV0): 1-0 {White mates}
Score of RandomV0 vs Stockfish-2500: 0 - 337 - 0  [0.000] 337
Started game 341 of 1000 (RandomV0 vs Stockfish-2500)
Finished game 338 (Stockfish-2500 vs RandomV0): 1-0 {White mates}
Score of RandomV0 vs Stockfish-2500: 0 - 338 - 0  [0.000] 338
Started game 342 of 1000 (Stockfish-2500 vs RandomV0)
Finished game 341 (RandomV0 vs Stockfish-2500): 0-1 {Black mates}
Score of RandomV0 vs Stockfish-2500: 0 - 339 - 0  [0.000] 339
Started game 343 of 1000 (RandomV0 vs Stockfish-2500)
Finished game 337 (RandomV0 vs Stockfish-2500): 0-1 {Black mates}
Score of RandomV0 vs Stockfish-2500: 0 - 340 - 0  [0.000] 340
...      RandomV0 playing White: 0 - 170 - 0  [0.000] 170
...      RandomV0 playing Black: 0 - 170 - 0  [0.000] 170
...      White vs Black: 170 - 170 - 0  [0.500] 340
Elo difference: -inf +/- nan, LOS: 0.0 %, DrawRatio: 0.0 %
SPRT: llr 0 (0.0%), lbound -inf, ubound inf
Started game 344 of 1000 (Stockfish-2500 vs RandomV0)
Finished game 339 (RandomV0 vs Stockfish-2500): 0-1 {Black mates}
Score of RandomV0 vs Stockfish-2500: 0 - 341 - 0  [0.000] 341
Started game 345 of 1000 (RandomV0 vs Stockfish-2500)
Finished game 343 (RandomV0 vs Stockfish-2500): 0-1 {Black mates}
Score of RandomV0 vs Stockfish-2500: 0 - 342 - 0  [0.000] 342
Started game 346 of 1000 (Stockfish-2500 vs RandomV0)
Finished game 342 (Stockfish-2500 vs RandomV0): 1-0 {White mates}
Score of RandomV0 vs Stockfish-2500: 0 - 343 - 0  [0.000] 343
Started game 347 of 1000 (RandomV0 vs Stockfish-2500)
Finished game 344 (Stockfish-2500 vs RandomV0): 1-0 {White mates}
Score of RandomV0 vs Stockfish-2500: 0 - 344 - 0  [0.000] 344
Started game 348 of 1000 (Stockfish-2500 vs RandomV0)
Finished game 345 (RandomV0 vs Stockfish-2500): 0-1 {Black mates}
Score of RandomV0 vs Stockfish-2500: 0 - 345 - 0  [0.000] 345
Started game 349 of 1000 (RandomV0 vs Stockfish-2500)
Finished game 347 (RandomV0 vs Stockfish-2500): 0-1 {Black mates}
Score of RandomV0 vs Stockfish-2500: 0 - 346 - 0  [0.000] 346
Started game 350 of 1000 (Stockfish-2500 vs RandomV0)
Finished game 346 (Stockfish-2500 vs RandomV0): 1-0 {White mates}
Score of RandomV0 vs Stockfish-2500: 0 - 347 - 0  [0.000] 347
Started game 351 of 1000 (RandomV0 vs Stockfish-2500)
Finished game 348 (Stockfish-2500 vs RandomV0): 1-0 {White mates}
Score of RandomV0 vs Stockfish-2500: 0 - 348 - 0  [0.000] 348
Started game 352 of 1000 (Stockfish-2500 vs RandomV0)
Finished game 351 (RandomV0 vs Stockfish-2500): 0-1 {Black mates}
Score of RandomV0 vs Stockfish-2500: 0 - 349 - 0  [0.000] 349
Started game 353 of 1000 (RandomV0 vs Stockfish-2500)
Finished game 349 (RandomV0 vs Stockfish-2500): 0-1 {Black mates}
Score of RandomV0 vs Stockfish-2500: 0 - 350 - 0  [0.000] 350
Started game 354 of 1000 (Stockfish-2500 vs RandomV0)
Finished game 353 (RandomV0 vs Stockfish-2500): 0-1 {Black mates}
Score of RandomV0 vs Stockfish-2500: 0 - 351 - 0  [0.000] 351
Started game 355 of 1000 (RandomV0 vs Stockfish-2500)
Finished game 354 (Stockfish-2500 vs RandomV0): 1-0 {White mates}
Score of RandomV0 vs Stockfish-2500: 0 - 352 - 0  [0.000] 352
Started game 356 of 1000 (Stockfish-2500 vs RandomV0)
Finished game 350 (Stockfish-2500 vs RandomV0): 1-0 {White mates}
Score of RandomV0 vs Stockfish-2500: 0 - 353 - 0  [0.000] 353
Started game 357 of 1000 (RandomV0 vs Stockfish-2500)
Finished game 352 (Stockfish-2500 vs RandomV0): 1-0 {White mates}
Score of RandomV0 vs Stockfish-2500: 0 - 354 - 0  [0.000] 354
Started game 358 of 1000 (Stockfish-2500 vs RandomV0)
Finished game 357 (RandomV0 vs Stockfish-2500): 0-1 {Black mates}
Score of RandomV0 vs Stockfish-2500: 0 - 355 - 0  [0.000] 355
Started game 359 of 1000 (RandomV0 vs Stockfish-2500)
Finished game 355 (RandomV0 vs Stockfish-2500): 0-1 {Black mates}
Score of RandomV0 vs Stockfish-2500: 0 - 356 - 0  [0.000] 356
Started game 360 of 1000 (Stockfish-2500 vs RandomV0)
Finished game 356 (Stockfish-2500 vs RandomV0): 1-0 {White mates}
Score of RandomV0 vs Stockfish-2500: 0 - 357 - 0  [0.000] 357
Started game 361 of 1000 (RandomV0 vs Stockfish-2500)
Finished game 359 (RandomV0 vs Stockfish-2500): 0-1 {Black mates}
Score of RandomV0 vs Stockfish-2500: 0 - 358 - 0  [0.000] 358
Started game 362 of 1000 (Stockfish-2500 vs RandomV0)
Finished game 358 (Stockfish-2500 vs RandomV0): 1-0 {White mates}
Score of RandomV0 vs Stockfish-2500: 0 - 359 - 0  [0.000] 359
Started game 363 of 1000 (RandomV0 vs Stockfish-2500)
Finished game 363 (RandomV0 vs Stockfish-2500): 0-1 {Black mates}
Score of RandomV0 vs Stockfish-2500: 0 - 360 - 0  [0.000] 360
...      RandomV0 playing White: 0 - 181 - 0  [0.000] 181
...      RandomV0 playing Black: 0 - 179 - 0  [0.000] 179
...      White vs Black: 179 - 181 - 0  [0.497] 360
Elo difference: -inf +/- nan, LOS: 0.0 %, DrawRatio: 0.0 %
SPRT: llr 0 (0.0%), lbound -inf, ubound inf
Started game 364 of 1000 (Stockfish-2500 vs RandomV0)
Finished game 361 (RandomV0 vs Stockfish-2500): 0-1 {Black mates}
Score of RandomV0 vs Stockfish-2500: 0 - 361 - 0  [0.000] 361
Started game 365 of 1000 (RandomV0 vs Stockfish-2500)
Finished game 362 (Stockfish-2500 vs RandomV0): 1-0 {White mates}
Score of RandomV0 vs Stockfish-2500: 0 - 362 - 0  [0.000] 362
Started game 366 of 1000 (Stockfish-2500 vs RandomV0)
Finished game 360 (Stockfish-2500 vs RandomV0): 1-0 {White mates}
Score of RandomV0 vs Stockfish-2500: 0 - 363 - 0  [0.000] 363
Started game 367 of 1000 (RandomV0 vs Stockfish-2500)
Finished game 364 (Stockfish-2500 vs RandomV0): 1-0 {White mates}
Score of RandomV0 vs Stockfish-2500: 0 - 364 - 0  [0.000] 364
Started game 368 of 1000 (Stockfish-2500 vs RandomV0)
Finished game 365 (RandomV0 vs Stockfish-2500): 0-1 {Black mates}
Score of RandomV0 vs Stockfish-2500: 0 - 365 - 0  [0.000] 365
Started game 369 of 1000 (RandomV0 vs Stockfish-2500)
Finished game 367 (RandomV0 vs Stockfish-2500): 0-1 {Black mates}
Score of RandomV0 vs Stockfish-2500: 0 - 366 - 0  [0.000] 366
Started game 370 of 1000 (Stockfish-2500 vs RandomV0)
Finished game 366 (Stockfish-2500 vs RandomV0): 1-0 {White mates}
Score of RandomV0 vs Stockfish-2500: 0 - 367 - 0  [0.000] 367
Started game 371 of 1000 (RandomV0 vs Stockfish-2500)
Finished game 368 (Stockfish-2500 vs RandomV0): 1-0 {White mates}
Score of RandomV0 vs Stockfish-2500: 0 - 368 - 0  [0.000] 368
Started game 372 of 1000 (Stockfish-2500 vs RandomV0)
Finished game 369 (RandomV0 vs Stockfish-2500): 0-1 {Black mates}
Score of RandomV0 vs Stockfish-2500: 0 - 369 - 0  [0.000] 369
Started game 373 of 1000 (RandomV0 vs Stockfish-2500)
Finished game 372 (Stockfish-2500 vs RandomV0): 1-0 {White mates}
Score of RandomV0 vs Stockfish-2500: 0 - 370 - 0  [0.000] 370
Started game 374 of 1000 (Stockfish-2500 vs RandomV0)
Finished game 370 (Stockfish-2500 vs RandomV0): 1-0 {White mates}
Score of RandomV0 vs Stockfish-2500: 0 - 371 - 0  [0.000] 371
Started game 375 of 1000 (RandomV0 vs Stockfish-2500)
Finished game 371 (RandomV0 vs Stockfish-2500): 0-1 {Black mates}
Score of RandomV0 vs Stockfish-2500: 0 - 372 - 0  [0.000] 372
Started game 376 of 1000 (Stockfish-2500 vs RandomV0)
Finished game 373 (RandomV0 vs Stockfish-2500): 0-1 {Black mates}
Score of RandomV0 vs Stockfish-2500: 0 - 373 - 0  [0.000] 373
Started game 377 of 1000 (RandomV0 vs Stockfish-2500)
Finished game 374 (Stockfish-2500 vs RandomV0): 1-0 {White mates}
Score of RandomV0 vs Stockfish-2500: 0 - 374 - 0  [0.000] 374
Started game 378 of 1000 (Stockfish-2500 vs RandomV0)
Finished game 376 (Stockfish-2500 vs RandomV0): 1-0 {White mates}
Score of RandomV0 vs Stockfish-2500: 0 - 375 - 0  [0.000] 375
Started game 379 of 1000 (RandomV0 vs Stockfish-2500)
Finished game 377 (RandomV0 vs Stockfish-2500): 0-1 {Black mates}
Score of RandomV0 vs Stockfish-2500: 0 - 376 - 0  [0.000] 376
Started game 380 of 1000 (Stockfish-2500 vs RandomV0)
Finished game 378 (Stockfish-2500 vs RandomV0): 1-0 {White mates}
Score of RandomV0 vs Stockfish-2500: 0 - 377 - 0  [0.000] 377
Started game 381 of 1000 (RandomV0 vs Stockfish-2500)
Finished game 375 (RandomV0 vs Stockfish-2500): 0-1 {Black mates}
Score of RandomV0 vs Stockfish-2500: 0 - 378 - 0  [0.000] 378
Started game 382 of 1000 (Stockfish-2500 vs RandomV0)
Finished game 379 (RandomV0 vs Stockfish-2500): 0-1 {Black mates}
Score of RandomV0 vs Stockfish-2500: 0 - 379 - 0  [0.000] 379
Started game 383 of 1000 (RandomV0 vs Stockfish-2500)
Finished game 380 (Stockfish-2500 vs RandomV0): 1-0 {White mates}
Score of RandomV0 vs Stockfish-2500: 0 - 380 - 0  [0.000] 380
...      RandomV0 playing White: 0 - 190 - 0  [0.000] 190
...      RandomV0 playing Black: 0 - 190 - 0  [0.000] 190
...      White vs Black: 190 - 190 - 0  [0.500] 380
Elo difference: -inf +/- nan, LOS: 0.0 %, DrawRatio: 0.0 %
SPRT: llr 0 (0.0%), lbound -inf, ubound inf
Started game 384 of 1000 (Stockfish-2500 vs RandomV0)
Finished game 381 (RandomV0 vs Stockfish-2500): 0-1 {Black mates}
Score of RandomV0 vs Stockfish-2500: 0 - 381 - 0  [0.000] 381
Started game 385 of 1000 (RandomV0 vs Stockfish-2500)
Finished game 383 (RandomV0 vs Stockfish-2500): 0-1 {Black mates}
Score of RandomV0 vs Stockfish-2500: 0 - 382 - 0  [0.000] 382
Started game 386 of 1000 (Stockfish-2500 vs RandomV0)
Finished game 382 (Stockfish-2500 vs RandomV0): 1-0 {White mates}
Score of RandomV0 vs Stockfish-2500: 0 - 383 - 0  [0.000] 383
Started game 387 of 1000 (RandomV0 vs Stockfish-2500)
Finished game 386 (Stockfish-2500 vs RandomV0): 1-0 {White mates}
Score of RandomV0 vs Stockfish-2500: 0 - 384 - 0  [0.000] 384
Started game 388 of 1000 (Stockfish-2500 vs RandomV0)
Finished game 385 (RandomV0 vs Stockfish-2500): 0-1 {Black mates}
Score of RandomV0 vs Stockfish-2500: 0 - 385 - 0  [0.000] 385
Started game 389 of 1000 (RandomV0 vs Stockfish-2500)
Finished game 384 (Stockfish-2500 vs RandomV0): 1-0 {White mates}
Score of RandomV0 vs Stockfish-2500: 0 - 386 - 0  [0.000] 386
Started game 390 of 1000 (Stockfish-2500 vs RandomV0)
Finished game 388 (Stockfish-2500 vs RandomV0): 1-0 {White mates}
Score of RandomV0 vs Stockfish-2500: 0 - 387 - 0  [0.000] 387
Started game 391 of 1000 (RandomV0 vs Stockfish-2500)
Finished game 389 (RandomV0 vs Stockfish-2500): 0-1 {Black mates}
Score of RandomV0 vs Stockfish-2500: 0 - 388 - 0  [0.000] 388
Started game 392 of 1000 (Stockfish-2500 vs RandomV0)
Finished game 390 (Stockfish-2500 vs RandomV0): 1-0 {White mates}
Score of RandomV0 vs Stockfish-2500: 0 - 389 - 0  [0.000] 389
Started game 393 of 1000 (RandomV0 vs Stockfish-2500)
Finished game 393 (RandomV0 vs Stockfish-2500): 0-1 {Black mates}
Score of RandomV0 vs Stockfish-2500: 0 - 390 - 0  [0.000] 390
Started game 394 of 1000 (Stockfish-2500 vs RandomV0)
Finished game 391 (RandomV0 vs Stockfish-2500): 0-1 {Black mates}
Score of RandomV0 vs Stockfish-2500: 0 - 391 - 0  [0.000] 391
Started game 395 of 1000 (RandomV0 vs Stockfish-2500)
Finished game 387 (RandomV0 vs Stockfish-2500): 0-1 {Black mates}
Score of RandomV0 vs Stockfish-2500: 0 - 392 - 0  [0.000] 392
Started game 396 of 1000 (Stockfish-2500 vs RandomV0)
Finished game 392 (Stockfish-2500 vs RandomV0): 1-0 {White mates}
Score of RandomV0 vs Stockfish-2500: 0 - 393 - 0  [0.000] 393
Started game 397 of 1000 (RandomV0 vs Stockfish-2500)
Finished game 394 (Stockfish-2500 vs RandomV0): 1-0 {White mates}
Score of RandomV0 vs Stockfish-2500: 0 - 394 - 0  [0.000] 394
Started game 398 of 1000 (Stockfish-2500 vs RandomV0)
Finished game 395 (RandomV0 vs Stockfish-2500): 0-1 {Black mates}
Score of RandomV0 vs Stockfish-2500: 0 - 395 - 0  [0.000] 395
Started game 399 of 1000 (RandomV0 vs Stockfish-2500)
Finished game 396 (Stockfish-2500 vs RandomV0): 1-0 {White mates}
Score of RandomV0 vs Stockfish-2500: 0 - 396 - 0  [0.000] 396
Started game 400 of 1000 (Stockfish-2500 vs RandomV0)
Finished game 397 (RandomV0 vs Stockfish-2500): 0-1 {Black mates}
Score of RandomV0 vs Stockfish-2500: 0 - 397 - 0  [0.000] 397
Started game 401 of 1000 (RandomV0 vs Stockfish-2500)
Finished game 398 (Stockfish-2500 vs RandomV0): 1-0 {White mates}
Score of RandomV0 vs Stockfish-2500: 0 - 398 - 0  [0.000] 398
Started game 402 of 1000 (Stockfish-2500 vs RandomV0)
Finished game 401 (RandomV0 vs Stockfish-2500): 0-1 {Black mates}
Score of RandomV0 vs Stockfish-2500: 0 - 399 - 0  [0.000] 399
Started game 403 of 1000 (RandomV0 vs Stockfish-2500)
Finished game 400 (Stockfish-2500 vs RandomV0): 1-0 {White mates}
Score of RandomV0 vs Stockfish-2500: 0 - 400 - 0  [0.000] 400
...      RandomV0 playing White: 0 - 200 - 0  [0.000] 200
...      RandomV0 playing Black: 0 - 200 - 0  [0.000] 200
...      White vs Black: 200 - 200 - 0  [0.500] 400
Elo difference: -inf +/- nan, LOS: 0.0 %, DrawRatio: 0.0 %
SPRT: llr 0 (0.0%), lbound -inf, ubound inf
Started game 404 of 1000 (Stockfish-2500 vs RandomV0)
Finished game 399 (RandomV0 vs Stockfish-2500): 0-1 {Black mates}
Score of RandomV0 vs Stockfish-2500: 0 - 401 - 0  [0.000] 401
Started game 405 of 1000 (RandomV0 vs Stockfish-2500)
Finished game 402 (Stockfish-2500 vs RandomV0): 1-0 {White mates}
Score of RandomV0 vs Stockfish-2500: 0 - 402 - 0  [0.000] 402
Started game 406 of 1000 (Stockfish-2500 vs RandomV0)
Finished game 404 (Stockfish-2500 vs RandomV0): 1-0 {White mates}
Score of RandomV0 vs Stockfish-2500: 0 - 403 - 0  [0.000] 403
Started game 407 of 1000 (RandomV0 vs Stockfish-2500)
Finished game 403 (RandomV0 vs Stockfish-2500): 0-1 {Black mates}
Score of RandomV0 vs Stockfish-2500: 0 - 404 - 0  [0.000] 404
Started game 408 of 1000 (Stockfish-2500 vs RandomV0)
Finished game 408 (Stockfish-2500 vs RandomV0): 1-0 {White mates}
Score of RandomV0 vs Stockfish-2500: 0 - 405 - 0  [0.000] 405
Started game 409 of 1000 (RandomV0 vs Stockfish-2500)
Finished game 405 (RandomV0 vs Stockfish-2500): 0-1 {Black mates}
Score of RandomV0 vs Stockfish-2500: 0 - 406 - 0  [0.000] 406
Started game 410 of 1000 (Stockfish-2500 vs RandomV0)
Finished game 406 (Stockfish-2500 vs RandomV0): 1-0 {White mates}
Score of RandomV0 vs Stockfish-2500: 0 - 407 - 0  [0.000] 407
Started game 411 of 1000 (RandomV0 vs Stockfish-2500)
Finished game 409 (RandomV0 vs Stockfish-2500): 0-1 {Black mates}
Score of RandomV0 vs Stockfish-2500: 0 - 408 - 0  [0.000] 408
Started game 412 of 1000 (Stockfish-2500 vs RandomV0)
Finished game 407 (RandomV0 vs Stockfish-2500): 0-1 {Black mates}
Score of RandomV0 vs Stockfish-2500: 0 - 409 - 0  [0.000] 409
Started game 413 of 1000 (RandomV0 vs Stockfish-2500)
Finished game 410 (Stockfish-2500 vs RandomV0): 1-0 {White mates}
Score of RandomV0 vs Stockfish-2500: 0 - 410 - 0  [0.000] 410
Started game 414 of 1000 (Stockfish-2500 vs RandomV0)
Finished game 411 (RandomV0 vs Stockfish-2500): 0-1 {Black mates}
Score of RandomV0 vs Stockfish-2500: 0 - 411 - 0  [0.000] 411
Started game 415 of 1000 (RandomV0 vs Stockfish-2500)
Finished game 415 (RandomV0 vs Stockfish-2500): 0-1 {Black mates}
Score of RandomV0 vs Stockfish-2500: 0 - 412 - 0  [0.000] 412
Started game 416 of 1000 (Stockfish-2500 vs RandomV0)
Finished game 412 (Stockfish-2500 vs RandomV0): 1-0 {White mates}
Score of RandomV0 vs Stockfish-2500: 0 - 413 - 0  [0.000] 413
Started game 417 of 1000 (RandomV0 vs Stockfish-2500)
Finished game 413 (RandomV0 vs Stockfish-2500): 0-1 {Black mates}
Score of RandomV0 vs Stockfish-2500: 0 - 414 - 0  [0.000] 414
Started game 418 of 1000 (Stockfish-2500 vs RandomV0)
Finished game 414 (Stockfish-2500 vs RandomV0): 1-0 {White mates}
Score of RandomV0 vs Stockfish-2500: 0 - 415 - 0  [0.000] 415
Started game 419 of 1000 (RandomV0 vs Stockfish-2500)
Finished game 419 (RandomV0 vs Stockfish-2500): 0-1 {Black mates}
Score of RandomV0 vs Stockfish-2500: 0 - 416 - 0  [0.000] 416
Started game 420 of 1000 (Stockfish-2500 vs RandomV0)
Finished game 417 (RandomV0 vs Stockfish-2500): 0-1 {Black mates}
Score of RandomV0 vs Stockfish-2500: 0 - 417 - 0  [0.000] 417
Started game 421 of 1000 (RandomV0 vs Stockfish-2500)
Finished game 416 (Stockfish-2500 vs RandomV0): 1-0 {White mates}
Score of RandomV0 vs Stockfish-2500: 0 - 418 - 0  [0.000] 418
Started game 422 of 1000 (Stockfish-2500 vs RandomV0)
Finished game 418 (Stockfish-2500 vs RandomV0): 1-0 {White mates}
Score of RandomV0 vs Stockfish-2500: 0 - 419 - 0  [0.000] 419
Started game 423 of 1000 (RandomV0 vs Stockfish-2500)
Finished game 420 (Stockfish-2500 vs RandomV0): 1-0 {White mates}
Score of RandomV0 vs Stockfish-2500: 0 - 420 - 0  [0.000] 420
...      RandomV0 playing White: 0 - 210 - 0  [0.000] 210
...      RandomV0 playing Black: 0 - 210 - 0  [0.000] 210
...      White vs Black: 210 - 210 - 0  [0.500] 420
Elo difference: -inf +/- nan, LOS: 0.0 %, DrawRatio: 0.0 %
SPRT: llr 0 (0.0%), lbound -inf, ubound inf
Started game 424 of 1000 (Stockfish-2500 vs RandomV0)
Finished game 421 (RandomV0 vs Stockfish-2500): 0-1 {Black mates}
Score of RandomV0 vs Stockfish-2500: 0 - 421 - 0  [0.000] 421
Started game 425 of 1000 (RandomV0 vs Stockfish-2500)
Finished game 422 (Stockfish-2500 vs RandomV0): 1-0 {White mates}
Score of RandomV0 vs Stockfish-2500: 0 - 422 - 0  [0.000] 422
Started game 426 of 1000 (Stockfish-2500 vs RandomV0)
Finished game 424 (Stockfish-2500 vs RandomV0): 1-0 {White mates}
Score of RandomV0 vs Stockfish-2500: 0 - 423 - 0  [0.000] 423
Started game 427 of 1000 (RandomV0 vs Stockfish-2500)
Finished game 425 (RandomV0 vs Stockfish-2500): 0-1 {Black mates}
Score of RandomV0 vs Stockfish-2500: 0 - 424 - 0  [0.000] 424
Started game 428 of 1000 (Stockfish-2500 vs RandomV0)
Finished game 423 (RandomV0 vs Stockfish-2500): 0-1 {Black mates}
Score of RandomV0 vs Stockfish-2500: 0 - 425 - 0  [0.000] 425
Started game 429 of 1000 (RandomV0 vs Stockfish-2500)
Finished game 428 (Stockfish-2500 vs RandomV0): 1-0 {White mates}
Score of RandomV0 vs Stockfish-2500: 0 - 426 - 0  [0.000] 426
Started game 430 of 1000 (Stockfish-2500 vs RandomV0)
Finished game 426 (Stockfish-2500 vs RandomV0): 1-0 {White mates}
Score of RandomV0 vs Stockfish-2500: 0 - 427 - 0  [0.000] 427
Started game 431 of 1000 (RandomV0 vs Stockfish-2500)
Finished game 427 (RandomV0 vs Stockfish-2500): 0-1 {Black mates}
Score of RandomV0 vs Stockfish-2500: 0 - 428 - 0  [0.000] 428
Started game 432 of 1000 (Stockfish-2500 vs RandomV0)
Finished game 429 (RandomV0 vs Stockfish-2500): 0-1 {Black mates}
Score of RandomV0 vs Stockfish-2500: 0 - 429 - 0  [0.000] 429
Started game 433 of 1000 (RandomV0 vs Stockfish-2500)
Finished game 431 (RandomV0 vs Stockfish-2500): 0-1 {Black mates}
Score of RandomV0 vs Stockfish-2500: 0 - 430 - 0  [0.000] 430
Started game 434 of 1000 (Stockfish-2500 vs RandomV0)
Finished game 432 (Stockfish-2500 vs RandomV0): 1-0 {White mates}
Score of RandomV0 vs Stockfish-2500: 0 - 431 - 0  [0.000] 431
Started game 435 of 1000 (RandomV0 vs Stockfish-2500)
Finished game 433 (RandomV0 vs Stockfish-2500): 0-1 {Black mates}
Score of RandomV0 vs Stockfish-2500: 0 - 432 - 0  [0.000] 432
Started game 436 of 1000 (Stockfish-2500 vs RandomV0)
Finished game 430 (Stockfish-2500 vs RandomV0): 1-0 {White mates}
Score of RandomV0 vs Stockfish-2500: 0 - 433 - 0  [0.000] 433
Started game 437 of 1000 (RandomV0 vs Stockfish-2500)
Finished game 437 (RandomV0 vs Stockfish-2500): 0-1 {Black mates}
Score of RandomV0 vs Stockfish-2500: 0 - 434 - 0  [0.000] 434
Started game 438 of 1000 (Stockfish-2500 vs RandomV0)
Finished game 434 (Stockfish-2500 vs RandomV0): 1-0 {White mates}
Score of RandomV0 vs Stockfish-2500: 0 - 435 - 0  [0.000] 435
Started game 439 of 1000 (RandomV0 vs Stockfish-2500)
Finished game 435 (RandomV0 vs Stockfish-2500): 0-1 {Black mates}
Score of RandomV0 vs Stockfish-2500: 0 - 436 - 0  [0.000] 436
Started game 440 of 1000 (Stockfish-2500 vs RandomV0)
Finished game 436 (Stockfish-2500 vs RandomV0): 1-0 {White mates}
Score of RandomV0 vs Stockfish-2500: 0 - 437 - 0  [0.000] 437
Started game 441 of 1000 (RandomV0 vs Stockfish-2500)
Finished game 438 (Stockfish-2500 vs RandomV0): 1-0 {White mates}
Score of RandomV0 vs Stockfish-2500: 0 - 438 - 0  [0.000] 438
Started game 442 of 1000 (Stockfish-2500 vs RandomV0)
Finished game 441 (RandomV0 vs Stockfish-2500): 0-1 {Black mates}
Score of RandomV0 vs Stockfish-2500: 0 - 439 - 0  [0.000] 439
Started game 443 of 1000 (RandomV0 vs Stockfish-2500)
Finished game 439 (RandomV0 vs Stockfish-2500): 0-1 {Black mates}
Score of RandomV0 vs Stockfish-2500: 0 - 440 - 0  [0.000] 440
...      RandomV0 playing White: 0 - 221 - 0  [0.000] 221
...      RandomV0 playing Black: 0 - 219 - 0  [0.000] 219
...      White vs Black: 219 - 221 - 0  [0.498] 440
Elo difference: -inf +/- nan, LOS: 0.0 %, DrawRatio: 0.0 %
SPRT: llr 0 (0.0%), lbound -inf, ubound inf
Started game 444 of 1000 (Stockfish-2500 vs RandomV0)
Finished game 442 (Stockfish-2500 vs RandomV0): 1-0 {White mates}
Score of RandomV0 vs Stockfish-2500: 0 - 441 - 0  [0.000] 441
Started game 445 of 1000 (RandomV0 vs Stockfish-2500)
Finished game 440 (Stockfish-2500 vs RandomV0): 1-0 {White mates}
Score of RandomV0 vs Stockfish-2500: 0 - 442 - 0  [0.000] 442
Started game 446 of 1000 (Stockfish-2500 vs RandomV0)
Finished game 443 (RandomV0 vs Stockfish-2500): 0-1 {Black mates}
Score of RandomV0 vs Stockfish-2500: 0 - 443 - 0  [0.000] 443
Started game 447 of 1000 (RandomV0 vs Stockfish-2500)
Finished game 445 (RandomV0 vs Stockfish-2500): 0-1 {Black mates}
Score of RandomV0 vs Stockfish-2500: 0 - 444 - 0  [0.000] 444
Started game 448 of 1000 (Stockfish-2500 vs RandomV0)
Finished game 444 (Stockfish-2500 vs RandomV0): 1-0 {White mates}
Score of RandomV0 vs Stockfish-2500: 0 - 445 - 0  [0.000] 445
Started game 449 of 1000 (RandomV0 vs Stockfish-2500)
Finished game 446 (Stockfish-2500 vs RandomV0): 1-0 {White mates}
Score of RandomV0 vs Stockfish-2500: 0 - 446 - 0  [0.000] 446
Started game 450 of 1000 (Stockfish-2500 vs RandomV0)
Finished game 447 (RandomV0 vs Stockfish-2500): 0-1 {Black mates}
Score of RandomV0 vs Stockfish-2500: 0 - 447 - 0  [0.000] 447
Started game 451 of 1000 (RandomV0 vs Stockfish-2500)
Finished game 449 (RandomV0 vs Stockfish-2500): 0-1 {Black mates}
Score of RandomV0 vs Stockfish-2500: 0 - 448 - 0  [0.000] 448
Started game 452 of 1000 (Stockfish-2500 vs RandomV0)
Finished game 450 (Stockfish-2500 vs RandomV0): 1-0 {White mates}
Score of RandomV0 vs Stockfish-2500: 0 - 449 - 0  [0.000] 449
Started game 453 of 1000 (RandomV0 vs Stockfish-2500)
Finished game 448 (Stockfish-2500 vs RandomV0): 1-0 {White mates}
Score of RandomV0 vs Stockfish-2500: 0 - 450 - 0  [0.000] 450
Started game 454 of 1000 (Stockfish-2500 vs RandomV0)
Finished game 454 (Stockfish-2500 vs RandomV0): 1-0 {White mates}
Score of RandomV0 vs Stockfish-2500: 0 - 451 - 0  [0.000] 451
Started game 455 of 1000 (RandomV0 vs Stockfish-2500)
Finished game 452 (Stockfish-2500 vs RandomV0): 1-0 {White mates}
Score of RandomV0 vs Stockfish-2500: 0 - 452 - 0  [0.000] 452
Started game 456 of 1000 (Stockfish-2500 vs RandomV0)
Finished game 451 (RandomV0 vs Stockfish-2500): 0-1 {Black mates}
Score of RandomV0 vs Stockfish-2500: 0 - 453 - 0  [0.000] 453
Started game 457 of 1000 (RandomV0 vs Stockfish-2500)
Finished game 455 (RandomV0 vs Stockfish-2500): 0-1 {Black mates}
Score of RandomV0 vs Stockfish-2500: 0 - 454 - 0  [0.000] 454
Started game 458 of 1000 (Stockfish-2500 vs RandomV0)
Finished game 453 (RandomV0 vs Stockfish-2500): 0-1 {Black mates}
Score of RandomV0 vs Stockfish-2500: 0 - 455 - 0  [0.000] 455
Started game 459 of 1000 (RandomV0 vs Stockfish-2500)
Finished game 457 (RandomV0 vs Stockfish-2500): 0-1 {Black mates}
Score of RandomV0 vs Stockfish-2500: 0 - 456 - 0  [0.000] 456
Started game 460 of 1000 (Stockfish-2500 vs RandomV0)
Finished game 459 (RandomV0 vs Stockfish-2500): 0-1 {Black mates}
Score of RandomV0 vs Stockfish-2500: 0 - 457 - 0  [0.000] 457
Started game 461 of 1000 (RandomV0 vs Stockfish-2500)
Finished game 458 (Stockfish-2500 vs RandomV0): 1-0 {White mates}
Score of RandomV0 vs Stockfish-2500: 0 - 458 - 0  [0.000] 458
Started game 462 of 1000 (Stockfish-2500 vs RandomV0)
Finished game 456 (Stockfish-2500 vs RandomV0): 1-0 {White mates}
Score of RandomV0 vs Stockfish-2500: 0 - 459 - 0  [0.000] 459
Started game 463 of 1000 (RandomV0 vs Stockfish-2500)
Finished game 460 (Stockfish-2500 vs RandomV0): 1-0 {White mates}
Score of RandomV0 vs Stockfish-2500: 0 - 460 - 0  [0.000] 460
...      RandomV0 playing White: 0 - 230 - 0  [0.000] 230
...      RandomV0 playing Black: 0 - 230 - 0  [0.000] 230
...      White vs Black: 230 - 230 - 0  [0.500] 460
Elo difference: -inf +/- nan, LOS: 0.0 %, DrawRatio: 0.0 %
SPRT: llr 0 (0.0%), lbound -inf, ubound inf
Started game 464 of 1000 (Stockfish-2500 vs RandomV0)
Finished game 461 (RandomV0 vs Stockfish-2500): 0-1 {Black mates}
Score of RandomV0 vs Stockfish-2500: 0 - 461 - 0  [0.000] 461
Started game 465 of 1000 (RandomV0 vs Stockfish-2500)
Finished game 463 (RandomV0 vs Stockfish-2500): 0-1 {Black mates}
Score of RandomV0 vs Stockfish-2500: 0 - 462 - 0  [0.000] 462
Started game 466 of 1000 (Stockfish-2500 vs RandomV0)
Finished game 462 (Stockfish-2500 vs RandomV0): 1-0 {White mates}
Score of RandomV0 vs Stockfish-2500: 0 - 463 - 0  [0.000] 463
Started game 467 of 1000 (RandomV0 vs Stockfish-2500)
Finished game 466 (Stockfish-2500 vs RandomV0): 1-0 {White mates}
Score of RandomV0 vs Stockfish-2500: 0 - 464 - 0  [0.000] 464
Started game 468 of 1000 (Stockfish-2500 vs RandomV0)
Finished game 464 (Stockfish-2500 vs RandomV0): 1-0 {White mates}
Score of RandomV0 vs Stockfish-2500: 0 - 465 - 0  [0.000] 465
Started game 469 of 1000 (RandomV0 vs Stockfish-2500)
Finished game 465 (RandomV0 vs Stockfish-2500): 0-1 {Black mates}
Score of RandomV0 vs Stockfish-2500: 0 - 466 - 0  [0.000] 466
Started game 470 of 1000 (Stockfish-2500 vs RandomV0)
Finished game 469 (RandomV0 vs Stockfish-2500): 0-1 {Black mates}
Score of RandomV0 vs Stockfish-2500: 0 - 467 - 0  [0.000] 467
Started game 471 of 1000 (RandomV0 vs Stockfish-2500)
Finished game 468 (Stockfish-2500 vs RandomV0): 1-0 {White mates}
Score of RandomV0 vs Stockfish-2500: 0 - 468 - 0  [0.000] 468
Started game 472 of 1000 (Stockfish-2500 vs RandomV0)
Finished game 467 (RandomV0 vs Stockfish-2500): 0-1 {Black mates}
Score of RandomV0 vs Stockfish-2500: 0 - 469 - 0  [0.000] 469
Started game 473 of 1000 (RandomV0 vs Stockfish-2500)
Finished game 472 (Stockfish-2500 vs RandomV0): 1-0 {White mates}
Score of RandomV0 vs Stockfish-2500: 0 - 470 - 0  [0.000] 470
Started game 474 of 1000 (Stockfish-2500 vs RandomV0)
Finished game 471 (RandomV0 vs Stockfish-2500): 0-1 {Black mates}
Score of RandomV0 vs Stockfish-2500: 0 - 471 - 0  [0.000] 471
Started game 475 of 1000 (RandomV0 vs Stockfish-2500)
Finished game 470 (Stockfish-2500 vs RandomV0): 1-0 {White mates}
Score of RandomV0 vs Stockfish-2500: 0 - 472 - 0  [0.000] 472
Started game 476 of 1000 (Stockfish-2500 vs RandomV0)
Finished game 473 (RandomV0 vs Stockfish-2500): 0-1 {Black mates}
Score of RandomV0 vs Stockfish-2500: 0 - 473 - 0  [0.000] 473
Started game 477 of 1000 (RandomV0 vs Stockfish-2500)
Finished game 476 (Stockfish-2500 vs RandomV0): 1-0 {White mates}
Score of RandomV0 vs Stockfish-2500: 0 - 474 - 0  [0.000] 474
Started game 478 of 1000 (Stockfish-2500 vs RandomV0)
Finished game 474 (Stockfish-2500 vs RandomV0): 1-0 {White mates}
Score of RandomV0 vs Stockfish-2500: 0 - 475 - 0  [0.000] 475
Started game 479 of 1000 (RandomV0 vs Stockfish-2500)
Finished game 475 (RandomV0 vs Stockfish-2500): 0-1 {Black mates}
Score of RandomV0 vs Stockfish-2500: 0 - 476 - 0  [0.000] 476
Started game 480 of 1000 (Stockfish-2500 vs RandomV0)
Finished game 477 (RandomV0 vs Stockfish-2500): 0-1 {Black mates}
Score of RandomV0 vs Stockfish-2500: 0 - 477 - 0  [0.000] 477
Started game 481 of 1000 (RandomV0 vs Stockfish-2500)
Finished game 478 (Stockfish-2500 vs RandomV0): 1-0 {White mates}
Score of RandomV0 vs Stockfish-2500: 0 - 478 - 0  [0.000] 478
Started game 482 of 1000 (Stockfish-2500 vs RandomV0)
Finished game 479 (RandomV0 vs Stockfish-2500): 0-1 {Black mates}
Score of RandomV0 vs Stockfish-2500: 0 - 479 - 0  [0.000] 479
Started game 483 of 1000 (RandomV0 vs Stockfish-2500)
Finished game 481 (RandomV0 vs Stockfish-2500): 0-1 {Black mates}
Score of RandomV0 vs Stockfish-2500: 0 - 480 - 0  [0.000] 480
...      RandomV0 playing White: 0 - 241 - 0  [0.000] 241
...      RandomV0 playing Black: 0 - 239 - 0  [0.000] 239
...      White vs Black: 239 - 241 - 0  [0.498] 480
Elo difference: -inf +/- nan, LOS: 0.0 %, DrawRatio: 0.0 %
SPRT: llr 0 (0.0%), lbound -inf, ubound inf
Started game 484 of 1000 (Stockfish-2500 vs RandomV0)
Finished game 480 (Stockfish-2500 vs RandomV0): 1-0 {White mates}
Score of RandomV0 vs Stockfish-2500: 0 - 481 - 0  [0.000] 481
Started game 485 of 1000 (RandomV0 vs Stockfish-2500)
Finished game 482 (Stockfish-2500 vs RandomV0): 1-0 {White mates}
Score of RandomV0 vs Stockfish-2500: 0 - 482 - 0  [0.000] 482
Started game 486 of 1000 (Stockfish-2500 vs RandomV0)
Finished game 483 (RandomV0 vs Stockfish-2500): 0-1 {Black mates}
Score of RandomV0 vs Stockfish-2500: 0 - 483 - 0  [0.000] 483
Started game 487 of 1000 (RandomV0 vs Stockfish-2500)
Finished game 484 (Stockfish-2500 vs RandomV0): 1-0 {White mates}
Score of RandomV0 vs Stockfish-2500: 0 - 484 - 0  [0.000] 484
Started game 488 of 1000 (Stockfish-2500 vs RandomV0)
Finished game 486 (Stockfish-2500 vs RandomV0): 1-0 {White mates}
Score of RandomV0 vs Stockfish-2500: 0 - 485 - 0  [0.000] 485
Started game 489 of 1000 (RandomV0 vs Stockfish-2500)
Finished game 485 (RandomV0 vs Stockfish-2500): 0-1 {Black mates}
Score of RandomV0 vs Stockfish-2500: 0 - 486 - 0  [0.000] 486
Started game 490 of 1000 (Stockfish-2500 vs RandomV0)
Finished game 487 (RandomV0 vs Stockfish-2500): 0-1 {Black mates}
Score of RandomV0 vs Stockfish-2500: 0 - 487 - 0  [0.000] 487
Started game 491 of 1000 (RandomV0 vs Stockfish-2500)
Finished game 488 (Stockfish-2500 vs RandomV0): 1-0 {White mates}
Score of RandomV0 vs Stockfish-2500: 0 - 488 - 0  [0.000] 488
Started game 492 of 1000 (Stockfish-2500 vs RandomV0)
Finished game 489 (RandomV0 vs Stockfish-2500): 0-1 {Black mates}
Score of RandomV0 vs Stockfish-2500: 0 - 489 - 0  [0.000] 489
Started game 493 of 1000 (RandomV0 vs Stockfish-2500)
Finished game 490 (Stockfish-2500 vs RandomV0): 1-0 {White mates}
Score of RandomV0 vs Stockfish-2500: 0 - 490 - 0  [0.000] 490
Started game 494 of 1000 (Stockfish-2500 vs RandomV0)
Finished game 492 (Stockfish-2500 vs RandomV0): 1-0 {White mates}
Score of RandomV0 vs Stockfish-2500: 0 - 491 - 0  [0.000] 491
Started game 495 of 1000 (RandomV0 vs Stockfish-2500)
Finished game 494 (Stockfish-2500 vs RandomV0): 1-0 {White mates}
Score of RandomV0 vs Stockfish-2500: 0 - 492 - 0  [0.000] 492
Started game 496 of 1000 (Stockfish-2500 vs RandomV0)
Finished game 491 (RandomV0 vs Stockfish-2500): 0-1 {Black mates}
Score of RandomV0 vs Stockfish-2500: 0 - 493 - 0  [0.000] 493
Started game 497 of 1000 (RandomV0 vs Stockfish-2500)
Finished game 493 (RandomV0 vs Stockfish-2500): 0-1 {Black mates}
Score of RandomV0 vs Stockfish-2500: 0 - 494 - 0  [0.000] 494
Started game 498 of 1000 (Stockfish-2500 vs RandomV0)
Finished game 495 (RandomV0 vs Stockfish-2500): 0-1 {Black mates}
Score of RandomV0 vs Stockfish-2500: 0 - 495 - 0  [0.000] 495
Started game 499 of 1000 (RandomV0 vs Stockfish-2500)
Finished game 496 (Stockfish-2500 vs RandomV0): 1-0 {White mates}
Score of RandomV0 vs Stockfish-2500: 0 - 496 - 0  [0.000] 496
Started game 500 of 1000 (Stockfish-2500 vs RandomV0)
Finished game 497 (RandomV0 vs Stockfish-2500): 0-1 {Black mates}
Score of RandomV0 vs Stockfish-2500: 0 - 497 - 0  [0.000] 497
Started game 501 of 1000 (RandomV0 vs Stockfish-2500)
Finished game 498 (Stockfish-2500 vs RandomV0): 1-0 {White mates}
Score of RandomV0 vs Stockfish-2500: 0 - 498 - 0  [0.000] 498
Started game 502 of 1000 (Stockfish-2500 vs RandomV0)
Finished game 501 (RandomV0 vs Stockfish-2500): 0-1 {Black mates}
Score of RandomV0 vs Stockfish-2500: 0 - 499 - 0  [0.000] 499
Started game 503 of 1000 (RandomV0 vs Stockfish-2500)
Finished game 499 (RandomV0 vs Stockfish-2500): 0-1 {Black mates}
Score of RandomV0 vs Stockfish-2500: 0 - 500 - 0  [0.000] 500
...      RandomV0 playing White: 0 - 251 - 0  [0.000] 251
...      RandomV0 playing Black: 0 - 249 - 0  [0.000] 249
...      White vs Black: 249 - 251 - 0  [0.498] 500
Elo difference: -inf +/- nan, LOS: 0.0 %, DrawRatio: 0.0 %
SPRT: llr 0 (0.0%), lbound -inf, ubound inf
Started game 504 of 1000 (Stockfish-2500 vs RandomV0)
Finished game 502 (Stockfish-2500 vs RandomV0): 1-0 {White mates}
Score of RandomV0 vs Stockfish-2500: 0 - 501 - 0  [0.000] 501
Started game 505 of 1000 (RandomV0 vs Stockfish-2500)
Finished game 500 (Stockfish-2500 vs RandomV0): 1-0 {White mates}
Score of RandomV0 vs Stockfish-2500: 0 - 502 - 0  [0.000] 502
Started game 506 of 1000 (Stockfish-2500 vs RandomV0)
Finished game 504 (Stockfish-2500 vs RandomV0): 1-0 {White mates}
Score of RandomV0 vs Stockfish-2500: 0 - 503 - 0  [0.000] 503
Started game 507 of 1000 (RandomV0 vs Stockfish-2500)
Finished game 503 (RandomV0 vs Stockfish-2500): 0-1 {Black mates}
Score of RandomV0 vs Stockfish-2500: 0 - 504 - 0  [0.000] 504
Started game 508 of 1000 (Stockfish-2500 vs RandomV0)
Finished game 507 (RandomV0 vs Stockfish-2500): 0-1 {Black mates}
Score of RandomV0 vs Stockfish-2500: 0 - 505 - 0  [0.000] 505
Started game 509 of 1000 (RandomV0 vs Stockfish-2500)
Finished game 505 (RandomV0 vs Stockfish-2500): 0-1 {Black mates}
Score of RandomV0 vs Stockfish-2500: 0 - 506 - 0  [0.000] 506
Started game 510 of 1000 (Stockfish-2500 vs RandomV0)
Finished game 506 (Stockfish-2500 vs RandomV0): 1-0 {White mates}
Score of RandomV0 vs Stockfish-2500: 0 - 507 - 0  [0.000] 507
Started game 511 of 1000 (RandomV0 vs Stockfish-2500)
Finished game 508 (Stockfish-2500 vs RandomV0): 1-0 {White mates}
Score of RandomV0 vs Stockfish-2500: 0 - 508 - 0  [0.000] 508
Started game 512 of 1000 (Stockfish-2500 vs RandomV0)
Finished game 511 (RandomV0 vs Stockfish-2500): 0-1 {Black mates}
Score of RandomV0 vs Stockfish-2500: 0 - 509 - 0  [0.000] 509
Started game 513 of 1000 (RandomV0 vs Stockfish-2500)
Finished game 509 (RandomV0 vs Stockfish-2500): 0-1 {Black mates}
Score of RandomV0 vs Stockfish-2500: 0 - 510 - 0  [0.000] 510
Started game 514 of 1000 (Stockfish-2500 vs RandomV0)
Finished game 512 (Stockfish-2500 vs RandomV0): 1-0 {White mates}
Score of RandomV0 vs Stockfish-2500: 0 - 511 - 0  [0.000] 511
Started game 515 of 1000 (RandomV0 vs Stockfish-2500)
Finished game 510 (Stockfish-2500 vs RandomV0): 1-0 {White mates}
Score of RandomV0 vs Stockfish-2500: 0 - 512 - 0  [0.000] 512
Started game 516 of 1000 (Stockfish-2500 vs RandomV0)
Finished game 516 (Stockfish-2500 vs RandomV0): 1-0 {White mates}
Score of RandomV0 vs Stockfish-2500: 0 - 513 - 0  [0.000] 513
Started game 517 of 1000 (RandomV0 vs Stockfish-2500)
Finished game 517 (RandomV0 vs Stockfish-2500): 0-1 {Black mates}
Score of RandomV0 vs Stockfish-2500: 0 - 514 - 0  [0.000] 514
Started game 518 of 1000 (Stockfish-2500 vs RandomV0)
Finished game 514 (Stockfish-2500 vs RandomV0): 1-0 {White mates}
Score of RandomV0 vs Stockfish-2500: 0 - 515 - 0  [0.000] 515
Started game 519 of 1000 (RandomV0 vs Stockfish-2500)
Finished game 515 (RandomV0 vs Stockfish-2500): 0-1 {Black mates}
Score of RandomV0 vs Stockfish-2500: 0 - 516 - 0  [0.000] 516
Started game 520 of 1000 (Stockfish-2500 vs RandomV0)
Finished game 513 (RandomV0 vs Stockfish-2500): 0-1 {Black mates}
Score of RandomV0 vs Stockfish-2500: 0 - 517 - 0  [0.000] 517
Started game 521 of 1000 (RandomV0 vs Stockfish-2500)
Finished game 519 (RandomV0 vs Stockfish-2500): 0-1 {Black mates}
Score of RandomV0 vs Stockfish-2500: 0 - 518 - 0  [0.000] 518
Started game 522 of 1000 (Stockfish-2500 vs RandomV0)
Finished game 520 (Stockfish-2500 vs RandomV0): 1-0 {White mates}
Score of RandomV0 vs Stockfish-2500: 0 - 519 - 0  [0.000] 519
Started game 523 of 1000 (RandomV0 vs Stockfish-2500)
Finished game 518 (Stockfish-2500 vs RandomV0): 1-0 {White mates}
Score of RandomV0 vs Stockfish-2500: 0 - 520 - 0  [0.000] 520
...      RandomV0 playing White: 0 - 260 - 0  [0.000] 260
...      RandomV0 playing Black: 0 - 260 - 0  [0.000] 260
...      White vs Black: 260 - 260 - 0  [0.500] 520
Elo difference: -inf +/- nan, LOS: 0.0 %, DrawRatio: 0.0 %
SPRT: llr 0 (0.0%), lbound -inf, ubound inf
Started game 524 of 1000 (Stockfish-2500 vs RandomV0)
Finished game 522 (Stockfish-2500 vs RandomV0): 1-0 {White mates}
Score of RandomV0 vs Stockfish-2500: 0 - 521 - 0  [0.000] 521
Started game 525 of 1000 (RandomV0 vs Stockfish-2500)
Finished game 521 (RandomV0 vs Stockfish-2500): 0-1 {Black mates}
Score of RandomV0 vs Stockfish-2500: 0 - 522 - 0  [0.000] 522
Started game 526 of 1000 (Stockfish-2500 vs RandomV0)
Finished game 524 (Stockfish-2500 vs RandomV0): 1-0 {White mates}
Score of RandomV0 vs Stockfish-2500: 0 - 523 - 0  [0.000] 523
Started game 527 of 1000 (RandomV0 vs Stockfish-2500)
Finished game 523 (RandomV0 vs Stockfish-2500): 0-1 {Black mates}
Score of RandomV0 vs Stockfish-2500: 0 - 524 - 0  [0.000] 524
Started game 528 of 1000 (Stockfish-2500 vs RandomV0)
Finished game 525 (RandomV0 vs Stockfish-2500): 0-1 {Black mates}
Score of RandomV0 vs Stockfish-2500: 0 - 525 - 0  [0.000] 525
Started game 529 of 1000 (RandomV0 vs Stockfish-2500)
Finished game 527 (RandomV0 vs Stockfish-2500): 0-1 {Black mates}
Score of RandomV0 vs Stockfish-2500: 0 - 526 - 0  [0.000] 526
Started game 530 of 1000 (Stockfish-2500 vs RandomV0)
Finished game 526 (Stockfish-2500 vs RandomV0): 1-0 {White mates}
Score of RandomV0 vs Stockfish-2500: 0 - 527 - 0  [0.000] 527
Started game 531 of 1000 (RandomV0 vs Stockfish-2500)
Finished game 531 (RandomV0 vs Stockfish-2500): 0-1 {Black mates}
Score of RandomV0 vs Stockfish-2500: 0 - 528 - 0  [0.000] 528
Started game 532 of 1000 (Stockfish-2500 vs RandomV0)
Finished game 528 (Stockfish-2500 vs RandomV0): 1-0 {White mates}
Score of RandomV0 vs Stockfish-2500: 0 - 529 - 0  [0.000] 529
Started game 533 of 1000 (RandomV0 vs Stockfish-2500)
Finished game 529 (RandomV0 vs Stockfish-2500): 0-1 {Black mates}
Score of RandomV0 vs Stockfish-2500: 0 - 530 - 0  [0.000] 530
Started game 534 of 1000 (Stockfish-2500 vs RandomV0)
Finished game 530 (Stockfish-2500 vs RandomV0): 1-0 {White mates}
Score of RandomV0 vs Stockfish-2500: 0 - 531 - 0  [0.000] 531
Started game 535 of 1000 (RandomV0 vs Stockfish-2500)
Finished game 532 (Stockfish-2500 vs RandomV0): 1-0 {White mates}
Score of RandomV0 vs Stockfish-2500: 0 - 532 - 0  [0.000] 532
Started game 536 of 1000 (Stockfish-2500 vs RandomV0)
Finished game 534 (Stockfish-2500 vs RandomV0): 1-0 {White mates}
Score of RandomV0 vs Stockfish-2500: 0 - 533 - 0  [0.000] 533
Started game 537 of 1000 (RandomV0 vs Stockfish-2500)
Finished game 533 (RandomV0 vs Stockfish-2500): 0-1 {Black mates}
Score of RandomV0 vs Stockfish-2500: 0 - 534 - 0  [0.000] 534
Started game 538 of 1000 (Stockfish-2500 vs RandomV0)
Finished game 535 (RandomV0 vs Stockfish-2500): 0-1 {Black mates}
Score of RandomV0 vs Stockfish-2500: 0 - 535 - 0  [0.000] 535
Started game 539 of 1000 (RandomV0 vs Stockfish-2500)
Finished game 536 (Stockfish-2500 vs RandomV0): 1-0 {White mates}
Score of RandomV0 vs Stockfish-2500: 0 - 536 - 0  [0.000] 536
Started game 540 of 1000 (Stockfish-2500 vs RandomV0)
Finished game 537 (RandomV0 vs Stockfish-2500): 0-1 {Black mates}
Score of RandomV0 vs Stockfish-2500: 0 - 537 - 0  [0.000] 537
Started game 541 of 1000 (RandomV0 vs Stockfish-2500)
Finished game 538 (Stockfish-2500 vs RandomV0): 1-0 {White mates}
Score of RandomV0 vs Stockfish-2500: 0 - 538 - 0  [0.000] 538
Started game 542 of 1000 (Stockfish-2500 vs RandomV0)
Finished game 539 (RandomV0 vs Stockfish-2500): 0-1 {Black mates}
Score of RandomV0 vs Stockfish-2500: 0 - 539 - 0  [0.000] 539
Started game 543 of 1000 (RandomV0 vs Stockfish-2500)
Finished game 540 (Stockfish-2500 vs RandomV0): 1-0 {White mates}
Score of RandomV0 vs Stockfish-2500: 0 - 540 - 0  [0.000] 540
...      RandomV0 playing White: 0 - 270 - 0  [0.000] 270
...      RandomV0 playing Black: 0 - 270 - 0  [0.000] 270
...      White vs Black: 270 - 270 - 0  [0.500] 540
Elo difference: -inf +/- nan, LOS: 0.0 %, DrawRatio: 0.0 %
SPRT: llr 0 (0.0%), lbound -inf, ubound inf
Started game 544 of 1000 (Stockfish-2500 vs RandomV0)
Finished game 543 (RandomV0 vs Stockfish-2500): 0-1 {Black mates}
Score of RandomV0 vs Stockfish-2500: 0 - 541 - 0  [0.000] 541
Started game 545 of 1000 (RandomV0 vs Stockfish-2500)
Finished game 541 (RandomV0 vs Stockfish-2500): 0-1 {Black mates}
Score of RandomV0 vs Stockfish-2500: 0 - 542 - 0  [0.000] 542
Started game 546 of 1000 (Stockfish-2500 vs RandomV0)
Finished game 544 (Stockfish-2500 vs RandomV0): 1-0 {White mates}
Score of RandomV0 vs Stockfish-2500: 0 - 543 - 0  [0.000] 543
Started game 547 of 1000 (RandomV0 vs Stockfish-2500)
Finished game 542 (Stockfish-2500 vs RandomV0): 1-0 {White mates}
Score of RandomV0 vs Stockfish-2500: 0 - 544 - 0  [0.000] 544
Started game 548 of 1000 (Stockfish-2500 vs RandomV0)
Finished game 547 (RandomV0 vs Stockfish-2500): 0-1 {Black mates}
Score of RandomV0 vs Stockfish-2500: 0 - 545 - 0  [0.000] 545
Started game 549 of 1000 (RandomV0 vs Stockfish-2500)
Finished game 545 (RandomV0 vs Stockfish-2500): 0-1 {Black mates}
Score of RandomV0 vs Stockfish-2500: 0 - 546 - 0  [0.000] 546
Started game 550 of 1000 (Stockfish-2500 vs RandomV0)
Finished game 546 (Stockfish-2500 vs RandomV0): 1-0 {White mates}
Score of RandomV0 vs Stockfish-2500: 0 - 547 - 0  [0.000] 547
Started game 551 of 1000 (RandomV0 vs Stockfish-2500)
Finished game 550 (Stockfish-2500 vs RandomV0): 1-0 {White mates}
Score of RandomV0 vs Stockfish-2500: 0 - 548 - 0  [0.000] 548
Started game 552 of 1000 (Stockfish-2500 vs RandomV0)
Finished game 548 (Stockfish-2500 vs RandomV0): 1-0 {White mates}
Score of RandomV0 vs Stockfish-2500: 0 - 549 - 0  [0.000] 549
Started game 553 of 1000 (RandomV0 vs Stockfish-2500)
Finished game 551 (RandomV0 vs Stockfish-2500): 0-1 {Black mates}
Score of RandomV0 vs Stockfish-2500: 0 - 550 - 0  [0.000] 550
Started game 554 of 1000 (Stockfish-2500 vs RandomV0)
Finished game 549 (RandomV0 vs Stockfish-2500): 0-1 {Black mates}
Score of RandomV0 vs Stockfish-2500: 0 - 551 - 0  [0.000] 551
Started game 555 of 1000 (RandomV0 vs Stockfish-2500)
Finished game 552 (Stockfish-2500 vs RandomV0): 1-0 {White mates}
Score of RandomV0 vs Stockfish-2500: 0 - 552 - 0  [0.000] 552
Started game 556 of 1000 (Stockfish-2500 vs RandomV0)
Finished game 553 (RandomV0 vs Stockfish-2500): 0-1 {Black mates}
Score of RandomV0 vs Stockfish-2500: 0 - 553 - 0  [0.000] 553
Started game 557 of 1000 (RandomV0 vs Stockfish-2500)
Finished game 554 (Stockfish-2500 vs RandomV0): 1-0 {White mates}
Score of RandomV0 vs Stockfish-2500: 0 - 554 - 0  [0.000] 554
Started game 558 of 1000 (Stockfish-2500 vs RandomV0)
Finished game 555 (RandomV0 vs Stockfish-2500): 0-1 {Black mates}
Score of RandomV0 vs Stockfish-2500: 0 - 555 - 0  [0.000] 555
Started game 559 of 1000 (RandomV0 vs Stockfish-2500)
Finished game 556 (Stockfish-2500 vs RandomV0): 1-0 {White mates}
Score of RandomV0 vs Stockfish-2500: 0 - 556 - 0  [0.000] 556
Started game 560 of 1000 (Stockfish-2500 vs RandomV0)
Finished game 557 (RandomV0 vs Stockfish-2500): 0-1 {Black mates}
Score of RandomV0 vs Stockfish-2500: 0 - 557 - 0  [0.000] 557
Started game 561 of 1000 (RandomV0 vs Stockfish-2500)
Finished game 559 (RandomV0 vs Stockfish-2500): 0-1 {Black mates}
Score of RandomV0 vs Stockfish-2500: 0 - 558 - 0  [0.000] 558
Started game 562 of 1000 (Stockfish-2500 vs RandomV0)
Finished game 558 (Stockfish-2500 vs RandomV0): 1-0 {White mates}
Score of RandomV0 vs Stockfish-2500: 0 - 559 - 0  [0.000] 559
Started game 563 of 1000 (RandomV0 vs Stockfish-2500)
Finished game 560 (Stockfish-2500 vs RandomV0): 1-0 {White mates}
Score of RandomV0 vs Stockfish-2500: 0 - 560 - 0  [0.000] 560
...      RandomV0 playing White: 0 - 280 - 0  [0.000] 280
...      RandomV0 playing Black: 0 - 280 - 0  [0.000] 280
...      White vs Black: 280 - 280 - 0  [0.500] 560
Elo difference: -inf +/- nan, LOS: 0.0 %, DrawRatio: 0.0 %
SPRT: llr 0 (0.0%), lbound -inf, ubound inf
Started game 564 of 1000 (Stockfish-2500 vs RandomV0)
Finished game 564 (Stockfish-2500 vs RandomV0): 1-0 {White mates}
Score of RandomV0 vs Stockfish-2500: 0 - 561 - 0  [0.000] 561
Started game 565 of 1000 (RandomV0 vs Stockfish-2500)
Finished game 562 (Stockfish-2500 vs RandomV0): 1-0 {White mates}
Score of RandomV0 vs Stockfish-2500: 0 - 562 - 0  [0.000] 562
Started game 566 of 1000 (Stockfish-2500 vs RandomV0)
Finished game 561 (RandomV0 vs Stockfish-2500): 0-1 {Black mates}
Score of RandomV0 vs Stockfish-2500: 0 - 563 - 0  [0.000] 563
Started game 567 of 1000 (RandomV0 vs Stockfish-2500)
Finished game 563 (RandomV0 vs Stockfish-2500): 0-1 {Black mates}
Score of RandomV0 vs Stockfish-2500: 0 - 564 - 0  [0.000] 564
Started game 568 of 1000 (Stockfish-2500 vs RandomV0)
Finished game 566 (Stockfish-2500 vs RandomV0): 1-0 {White mates}
Score of RandomV0 vs Stockfish-2500: 0 - 565 - 0  [0.000] 565
Started game 569 of 1000 (RandomV0 vs Stockfish-2500)
Finished game 567 (RandomV0 vs Stockfish-2500): 0-1 {Black mates}
Score of RandomV0 vs Stockfish-2500: 0 - 566 - 0  [0.000] 566
Started game 570 of 1000 (Stockfish-2500 vs RandomV0)
Finished game 565 (RandomV0 vs Stockfish-2500): 0-1 {Black mates}
Score of RandomV0 vs Stockfish-2500: 0 - 567 - 0  [0.000] 567
Started game 571 of 1000 (RandomV0 vs Stockfish-2500)
Finished game 568 (Stockfish-2500 vs RandomV0): 1-0 {White mates}
Score of RandomV0 vs Stockfish-2500: 0 - 568 - 0  [0.000] 568
Started game 572 of 1000 (Stockfish-2500 vs RandomV0)
Finished game 570 (Stockfish-2500 vs RandomV0): 1-0 {White mates}
Score of RandomV0 vs Stockfish-2500: 0 - 569 - 0  [0.000] 569
Started game 573 of 1000 (RandomV0 vs Stockfish-2500)
Finished game 569 (RandomV0 vs Stockfish-2500): 0-1 {Black mates}
Score of RandomV0 vs Stockfish-2500: 0 - 570 - 0  [0.000] 570
Started game 574 of 1000 (Stockfish-2500 vs RandomV0)
Finished game 571 (RandomV0 vs Stockfish-2500): 0-1 {Black mates}
Score of RandomV0 vs Stockfish-2500: 0 - 571 - 0  [0.000] 571
Started game 575 of 1000 (RandomV0 vs Stockfish-2500)
Finished game 573 (RandomV0 vs Stockfish-2500): 0-1 {Black mates}
Score of RandomV0 vs Stockfish-2500: 0 - 572 - 0  [0.000] 572
Started game 576 of 1000 (Stockfish-2500 vs RandomV0)
Finished game 574 (Stockfish-2500 vs RandomV0): 1-0 {White mates}
Score of RandomV0 vs Stockfish-2500: 0 - 573 - 0  [0.000] 573
Started game 577 of 1000 (RandomV0 vs Stockfish-2500)
Finished game 572 (Stockfish-2500 vs RandomV0): 1-0 {White mates}
Score of RandomV0 vs Stockfish-2500: 0 - 574 - 0  [0.000] 574
Started game 578 of 1000 (Stockfish-2500 vs RandomV0)
Finished game 575 (RandomV0 vs Stockfish-2500): 0-1 {Black mates}
Score of RandomV0 vs Stockfish-2500: 0 - 575 - 0  [0.000] 575
Started game 579 of 1000 (RandomV0 vs Stockfish-2500)
Finished game 577 (RandomV0 vs Stockfish-2500): 0-1 {Black mates}
Score of RandomV0 vs Stockfish-2500: 0 - 576 - 0  [0.000] 576
Started game 580 of 1000 (Stockfish-2500 vs RandomV0)
Finished game 576 (Stockfish-2500 vs RandomV0): 1-0 {White mates}
Score of RandomV0 vs Stockfish-2500: 0 - 577 - 0  [0.000] 577
Started game 581 of 1000 (RandomV0 vs Stockfish-2500)
Finished game 578 (Stockfish-2500 vs RandomV0): 1-0 {White mates}
Score of RandomV0 vs Stockfish-2500: 0 - 578 - 0  [0.000] 578
Started game 582 of 1000 (Stockfish-2500 vs RandomV0)
Finished game 579 (RandomV0 vs Stockfish-2500): 0-1 {Black mates}
Score of RandomV0 vs Stockfish-2500: 0 - 579 - 0  [0.000] 579
Started game 583 of 1000 (RandomV0 vs Stockfish-2500)
Finished game 581 (RandomV0 vs Stockfish-2500): 0-1 {Black mates}
Score of RandomV0 vs Stockfish-2500: 0 - 580 - 0  [0.000] 580
...      RandomV0 playing White: 0 - 291 - 0  [0.000] 291
...      RandomV0 playing Black: 0 - 289 - 0  [0.000] 289
...      White vs Black: 289 - 291 - 0  [0.498] 580
Elo difference: -inf +/- nan, LOS: 0.0 %, DrawRatio: 0.0 %
SPRT: llr 0 (0.0%), lbound -inf, ubound inf
Started game 584 of 1000 (Stockfish-2500 vs RandomV0)
Finished game 582 (Stockfish-2500 vs RandomV0): 1-0 {White mates}
Score of RandomV0 vs Stockfish-2500: 0 - 581 - 0  [0.000] 581
Started game 585 of 1000 (RandomV0 vs Stockfish-2500)
Finished game 580 (Stockfish-2500 vs RandomV0): 1-0 {White mates}
Score of RandomV0 vs Stockfish-2500: 0 - 582 - 0  [0.000] 582
Started game 586 of 1000 (Stockfish-2500 vs RandomV0)
Finished game 583 (RandomV0 vs Stockfish-2500): 0-1 {Black mates}
Score of RandomV0 vs Stockfish-2500: 0 - 583 - 0  [0.000] 583
Started game 587 of 1000 (RandomV0 vs Stockfish-2500)
Finished game 584 (Stockfish-2500 vs RandomV0): 1-0 {White mates}
Score of RandomV0 vs Stockfish-2500: 0 - 584 - 0  [0.000] 584
Started game 588 of 1000 (Stockfish-2500 vs RandomV0)
Finished game 585 (RandomV0 vs Stockfish-2500): 0-1 {Black mates}
Score of RandomV0 vs Stockfish-2500: 0 - 585 - 0  [0.000] 585
Started game 589 of 1000 (RandomV0 vs Stockfish-2500)
Finished game 587 (RandomV0 vs Stockfish-2500): 0-1 {Black mates}
Score of RandomV0 vs Stockfish-2500: 0 - 586 - 0  [0.000] 586
Started game 590 of 1000 (Stockfish-2500 vs RandomV0)
Finished game 586 (Stockfish-2500 vs RandomV0): 1-0 {White mates}
Score of RandomV0 vs Stockfish-2500: 0 - 587 - 0  [0.000] 587
Started game 591 of 1000 (RandomV0 vs Stockfish-2500)
Finished game 589 (RandomV0 vs Stockfish-2500): 0-1 {Black mates}
Score of RandomV0 vs Stockfish-2500: 0 - 588 - 0  [0.000] 588
Started game 592 of 1000 (Stockfish-2500 vs RandomV0)
Finished game 590 (Stockfish-2500 vs RandomV0): 1-0 {White mates}
Score of RandomV0 vs Stockfish-2500: 0 - 589 - 0  [0.000] 589
Started game 593 of 1000 (RandomV0 vs Stockfish-2500)
Finished game 588 (Stockfish-2500 vs RandomV0): 1-0 {White mates}
Score of RandomV0 vs Stockfish-2500: 0 - 590 - 0  [0.000] 590
Started game 594 of 1000 (Stockfish-2500 vs RandomV0)
Finished game 591 (RandomV0 vs Stockfish-2500): 0-1 {Black mates}
Score of RandomV0 vs Stockfish-2500: 0 - 591 - 0  [0.000] 591
Started game 595 of 1000 (RandomV0 vs Stockfish-2500)
Finished game 592 (Stockfish-2500 vs RandomV0): 1-0 {White mates}
Score of RandomV0 vs Stockfish-2500: 0 - 592 - 0  [0.000] 592
Started game 596 of 1000 (Stockfish-2500 vs RandomV0)
Finished game 593 (RandomV0 vs Stockfish-2500): 0-1 {Black mates}
Score of RandomV0 vs Stockfish-2500: 0 - 593 - 0  [0.000] 593
Started game 597 of 1000 (RandomV0 vs Stockfish-2500)
Finished game 595 (RandomV0 vs Stockfish-2500): 0-1 {Black mates}
Score of RandomV0 vs Stockfish-2500: 0 - 594 - 0  [0.000] 594
Started game 598 of 1000 (Stockfish-2500 vs RandomV0)
Finished game 594 (Stockfish-2500 vs RandomV0): 1-0 {White mates}
Score of RandomV0 vs Stockfish-2500: 0 - 595 - 0  [0.000] 595
Started game 599 of 1000 (RandomV0 vs Stockfish-2500)
Finished game 596 (Stockfish-2500 vs RandomV0): 1-0 {White mates}
Score of RandomV0 vs Stockfish-2500: 0 - 596 - 0  [0.000] 596
Started game 600 of 1000 (Stockfish-2500 vs RandomV0)
Finished game 597 (RandomV0 vs Stockfish-2500): 0-1 {Black mates}
Score of RandomV0 vs Stockfish-2500: 0 - 597 - 0  [0.000] 597
Started game 601 of 1000 (RandomV0 vs Stockfish-2500)
Finished game 600 (Stockfish-2500 vs RandomV0): 1-0 {White mates}
Score of RandomV0 vs Stockfish-2500: 0 - 598 - 0  [0.000] 598
Started game 602 of 1000 (Stockfish-2500 vs RandomV0)
Finished game 599 (RandomV0 vs Stockfish-2500): 0-1 {Black mates}
Score of RandomV0 vs Stockfish-2500: 0 - 599 - 0  [0.000] 599
Started game 603 of 1000 (RandomV0 vs Stockfish-2500)
Finished game 598 (Stockfish-2500 vs RandomV0): 1-0 {White mates}
Score of RandomV0 vs Stockfish-2500: 0 - 600 - 0  [0.000] 600
...      RandomV0 playing White: 0 - 300 - 0  [0.000] 300
...      RandomV0 playing Black: 0 - 300 - 0  [0.000] 300
...      White vs Black: 300 - 300 - 0  [0.500] 600
Elo difference: -inf +/- nan, LOS: 0.0 %, DrawRatio: 0.0 %
SPRT: llr 0 (0.0%), lbound -inf, ubound inf
Started game 604 of 1000 (Stockfish-2500 vs RandomV0)
Finished game 603 (RandomV0 vs Stockfish-2500): 0-1 {Black mates}
Score of RandomV0 vs Stockfish-2500: 0 - 601 - 0  [0.000] 601
Started game 605 of 1000 (RandomV0 vs Stockfish-2500)
Finished game 604 (Stockfish-2500 vs RandomV0): 1-0 {White mates}
Score of RandomV0 vs Stockfish-2500: 0 - 602 - 0  [0.000] 602
Started game 606 of 1000 (Stockfish-2500 vs RandomV0)
Finished game 601 (RandomV0 vs Stockfish-2500): 0-1 {Black mates}
Score of RandomV0 vs Stockfish-2500: 0 - 603 - 0  [0.000] 603
Started game 607 of 1000 (RandomV0 vs Stockfish-2500)
Finished game 602 (Stockfish-2500 vs RandomV0): 1-0 {White mates}
Score of RandomV0 vs Stockfish-2500: 0 - 604 - 0  [0.000] 604
Started game 608 of 1000 (Stockfish-2500 vs RandomV0)
Finished game 605 (RandomV0 vs Stockfish-2500): 0-1 {Black mates}
Score of RandomV0 vs Stockfish-2500: 0 - 605 - 0  [0.000] 605
Started game 609 of 1000 (RandomV0 vs Stockfish-2500)
Finished game 606 (Stockfish-2500 vs RandomV0): 1-0 {White mates}
Score of RandomV0 vs Stockfish-2500: 0 - 606 - 0  [0.000] 606
Started game 610 of 1000 (Stockfish-2500 vs RandomV0)
Finished game 607 (RandomV0 vs Stockfish-2500): 0-1 {Black mates}
Score of RandomV0 vs Stockfish-2500: 0 - 607 - 0  [0.000] 607
Started game 611 of 1000 (RandomV0 vs Stockfish-2500)
Finished game 608 (Stockfish-2500 vs RandomV0): 1-0 {White mates}
Score of RandomV0 vs Stockfish-2500: 0 - 608 - 0  [0.000] 608
Started game 612 of 1000 (Stockfish-2500 vs RandomV0)
Finished game 609 (RandomV0 vs Stockfish-2500): 0-1 {Black mates}
Score of RandomV0 vs Stockfish-2500: 0 - 609 - 0  [0.000] 609
Started game 613 of 1000 (RandomV0 vs Stockfish-2500)
Finished game 612 (Stockfish-2500 vs RandomV0): 1-0 {White mates}
Score of RandomV0 vs Stockfish-2500: 0 - 610 - 0  [0.000] 610
Started game 614 of 1000 (Stockfish-2500 vs RandomV0)
Finished game 610 (Stockfish-2500 vs RandomV0): 1-0 {White mates}
Score of RandomV0 vs Stockfish-2500: 0 - 611 - 0  [0.000] 611
Started game 615 of 1000 (RandomV0 vs Stockfish-2500)
Finished game 613 (RandomV0 vs Stockfish-2500): 0-1 {Black mates}
Score of RandomV0 vs Stockfish-2500: 0 - 612 - 0  [0.000] 612
Started game 616 of 1000 (Stockfish-2500 vs RandomV0)
Finished game 611 (RandomV0 vs Stockfish-2500): 0-1 {Black mates}
Score of RandomV0 vs Stockfish-2500: 0 - 613 - 0  [0.000] 613
Started game 617 of 1000 (RandomV0 vs Stockfish-2500)
Finished game 615 (RandomV0 vs Stockfish-2500): 0-1 {Black mates}
Score of RandomV0 vs Stockfish-2500: 0 - 614 - 0  [0.000] 614
Started game 618 of 1000 (Stockfish-2500 vs RandomV0)
Finished game 618 (Stockfish-2500 vs RandomV0): 1-0 {White mates}
Score of RandomV0 vs Stockfish-2500: 0 - 615 - 0  [0.000] 615
Started game 619 of 1000 (RandomV0 vs Stockfish-2500)
Finished game 614 (Stockfish-2500 vs RandomV0): 1-0 {White mates}
Score of RandomV0 vs Stockfish-2500: 0 - 616 - 0  [0.000] 616
Started game 620 of 1000 (Stockfish-2500 vs RandomV0)
Finished game 616 (Stockfish-2500 vs RandomV0): 1-0 {White mates}
Score of RandomV0 vs Stockfish-2500: 0 - 617 - 0  [0.000] 617
Started game 621 of 1000 (RandomV0 vs Stockfish-2500)
Finished game 617 (RandomV0 vs Stockfish-2500): 0-1 {Black mates}
Score of RandomV0 vs Stockfish-2500: 0 - 618 - 0  [0.000] 618
Started game 622 of 1000 (Stockfish-2500 vs RandomV0)
Finished game 622 (Stockfish-2500 vs RandomV0): 1-0 {White mates}
Score of RandomV0 vs Stockfish-2500: 0 - 619 - 0  [0.000] 619
Started game 623 of 1000 (RandomV0 vs Stockfish-2500)
Finished game 620 (Stockfish-2500 vs RandomV0): 1-0 {White mates}
Score of RandomV0 vs Stockfish-2500: 0 - 620 - 0  [0.000] 620
...      RandomV0 playing White: 0 - 309 - 0  [0.000] 309
...      RandomV0 playing Black: 0 - 311 - 0  [0.000] 311
...      White vs Black: 311 - 309 - 0  [0.502] 620
Elo difference: -inf +/- nan, LOS: 0.0 %, DrawRatio: 0.0 %
SPRT: llr 0 (0.0%), lbound -inf, ubound inf
Started game 624 of 1000 (Stockfish-2500 vs RandomV0)
Finished game 619 (RandomV0 vs Stockfish-2500): 0-1 {Black mates}
Score of RandomV0 vs Stockfish-2500: 0 - 621 - 0  [0.000] 621
Started game 625 of 1000 (RandomV0 vs Stockfish-2500)
Finished game 621 (RandomV0 vs Stockfish-2500): 0-1 {Black mates}
Score of RandomV0 vs Stockfish-2500: 0 - 622 - 0  [0.000] 622
Started game 626 of 1000 (Stockfish-2500 vs RandomV0)
Finished game 624 (Stockfish-2500 vs RandomV0): 1-0 {White mates}
Score of RandomV0 vs Stockfish-2500: 0 - 623 - 0  [0.000] 623
Started game 627 of 1000 (RandomV0 vs Stockfish-2500)
Finished game 626 (Stockfish-2500 vs RandomV0): 1-0 {White mates}
Score of RandomV0 vs Stockfish-2500: 0 - 624 - 0  [0.000] 624
Started game 628 of 1000 (Stockfish-2500 vs RandomV0)
Finished game 623 (RandomV0 vs Stockfish-2500): 0-1 {Black mates}
Score of RandomV0 vs Stockfish-2500: 0 - 625 - 0  [0.000] 625
Started game 629 of 1000 (RandomV0 vs Stockfish-2500)
Finished game 625 (RandomV0 vs Stockfish-2500): 0-1 {Black mates}
Score of RandomV0 vs Stockfish-2500: 0 - 626 - 0  [0.000] 626
Started game 630 of 1000 (Stockfish-2500 vs RandomV0)
Finished game 629 (RandomV0 vs Stockfish-2500): 0-1 {Black mates}
Score of RandomV0 vs Stockfish-2500: 0 - 627 - 0  [0.000] 627
Started game 631 of 1000 (RandomV0 vs Stockfish-2500)
Finished game 627 (RandomV0 vs Stockfish-2500): 0-1 {Black mates}
Score of RandomV0 vs Stockfish-2500: 0 - 628 - 0  [0.000] 628
Started game 632 of 1000 (Stockfish-2500 vs RandomV0)
Finished game 628 (Stockfish-2500 vs RandomV0): 1-0 {White mates}
Score of RandomV0 vs Stockfish-2500: 0 - 629 - 0  [0.000] 629
Started game 633 of 1000 (RandomV0 vs Stockfish-2500)
Finished game 630 (Stockfish-2500 vs RandomV0): 1-0 {White mates}
Score of RandomV0 vs Stockfish-2500: 0 - 630 - 0  [0.000] 630
Started game 634 of 1000 (Stockfish-2500 vs RandomV0)
Finished game 631 (RandomV0 vs Stockfish-2500): 0-1 {Black mates}
Score of RandomV0 vs Stockfish-2500: 0 - 631 - 0  [0.000] 631
Started game 635 of 1000 (RandomV0 vs Stockfish-2500)
Finished game 632 (Stockfish-2500 vs RandomV0): 1-0 {White mates}
Score of RandomV0 vs Stockfish-2500: 0 - 632 - 0  [0.000] 632
Started game 636 of 1000 (Stockfish-2500 vs RandomV0)
Finished game 636 (Stockfish-2500 vs RandomV0): 1-0 {White mates}
Score of RandomV0 vs Stockfish-2500: 0 - 633 - 0  [0.000] 633
Started game 637 of 1000 (RandomV0 vs Stockfish-2500)
Finished game 635 (RandomV0 vs Stockfish-2500): 0-1 {Black mates}
Score of RandomV0 vs Stockfish-2500: 0 - 634 - 0  [0.000] 634
Started game 638 of 1000 (Stockfish-2500 vs RandomV0)
Finished game 633 (RandomV0 vs Stockfish-2500): 0-1 {Black mates}
Score of RandomV0 vs Stockfish-2500: 0 - 635 - 0  [0.000] 635
Started game 639 of 1000 (RandomV0 vs Stockfish-2500)
Finished game 634 (Stockfish-2500 vs RandomV0): 1-0 {White mates}
Score of RandomV0 vs Stockfish-2500: 0 - 636 - 0  [0.000] 636
Started game 640 of 1000 (Stockfish-2500 vs RandomV0)
Finished game 637 (RandomV0 vs Stockfish-2500): 0-1 {Black mates}
Score of RandomV0 vs Stockfish-2500: 0 - 637 - 0  [0.000] 637
Started game 641 of 1000 (RandomV0 vs Stockfish-2500)
Finished game 639 (RandomV0 vs Stockfish-2500): 0-1 {Black mates}
Score of RandomV0 vs Stockfish-2500: 0 - 638 - 0  [0.000] 638
Started game 642 of 1000 (Stockfish-2500 vs RandomV0)
Finished game 638 (Stockfish-2500 vs RandomV0): 1-0 {White mates}
Score of RandomV0 vs Stockfish-2500: 0 - 639 - 0  [0.000] 639
Started game 643 of 1000 (RandomV0 vs Stockfish-2500)
Finished game 640 (Stockfish-2500 vs RandomV0): 1-0 {White mates}
Score of RandomV0 vs Stockfish-2500: 0 - 640 - 0  [0.000] 640
...      RandomV0 playing White: 0 - 320 - 0  [0.000] 320
...      RandomV0 playing Black: 0 - 320 - 0  [0.000] 320
...      White vs Black: 320 - 320 - 0  [0.500] 640
Elo difference: -inf +/- nan, LOS: 0.0 %, DrawRatio: 0.0 %
SPRT: llr 0 (0.0%), lbound -inf, ubound inf
Started game 644 of 1000 (Stockfish-2500 vs RandomV0)
Finished game 641 (RandomV0 vs Stockfish-2500): 0-1 {Black mates}
Score of RandomV0 vs Stockfish-2500: 0 - 641 - 0  [0.000] 641
Started game 645 of 1000 (RandomV0 vs Stockfish-2500)
Finished game 644 (Stockfish-2500 vs RandomV0): 1-0 {White mates}
Score of RandomV0 vs Stockfish-2500: 0 - 642 - 0  [0.000] 642
Started game 646 of 1000 (Stockfish-2500 vs RandomV0)
Finished game 642 (Stockfish-2500 vs RandomV0): 1-0 {White mates}
Score of RandomV0 vs Stockfish-2500: 0 - 643 - 0  [0.000] 643
Started game 647 of 1000 (RandomV0 vs Stockfish-2500)
Finished game 645 (RandomV0 vs Stockfish-2500): 0-1 {Black mates}
Score of RandomV0 vs Stockfish-2500: 0 - 644 - 0  [0.000] 644
Started game 648 of 1000 (Stockfish-2500 vs RandomV0)
Finished game 643 (RandomV0 vs Stockfish-2500): 0-1 {Black mates}
Score of RandomV0 vs Stockfish-2500: 0 - 645 - 0  [0.000] 645
Started game 649 of 1000 (RandomV0 vs Stockfish-2500)
Finished game 646 (Stockfish-2500 vs RandomV0): 1-0 {White mates}
Score of RandomV0 vs Stockfish-2500: 0 - 646 - 0  [0.000] 646
Started game 650 of 1000 (Stockfish-2500 vs RandomV0)
Finished game 647 (RandomV0 vs Stockfish-2500): 0-1 {Black mates}
Score of RandomV0 vs Stockfish-2500: 0 - 647 - 0  [0.000] 647
Started game 651 of 1000 (RandomV0 vs Stockfish-2500)
Finished game 648 (Stockfish-2500 vs RandomV0): 1-0 {White mates}
Score of RandomV0 vs Stockfish-2500: 0 - 648 - 0  [0.000] 648
Started game 652 of 1000 (Stockfish-2500 vs RandomV0)
Finished game 649 (RandomV0 vs Stockfish-2500): 0-1 {Black mates}
Score of RandomV0 vs Stockfish-2500: 0 - 649 - 0  [0.000] 649
Started game 653 of 1000 (RandomV0 vs Stockfish-2500)
Finished game 650 (Stockfish-2500 vs RandomV0): 1-0 {White mates}
Score of RandomV0 vs Stockfish-2500: 0 - 650 - 0  [0.000] 650
Started game 654 of 1000 (Stockfish-2500 vs RandomV0)
Finished game 651 (RandomV0 vs Stockfish-2500): 0-1 {Black mates}
Score of RandomV0 vs Stockfish-2500: 0 - 651 - 0  [0.000] 651
Started game 655 of 1000 (RandomV0 vs Stockfish-2500)
Finished game 652 (Stockfish-2500 vs RandomV0): 1-0 {White mates}
Score of RandomV0 vs Stockfish-2500: 0 - 652 - 0  [0.000] 652
Started game 656 of 1000 (Stockfish-2500 vs RandomV0)
Finished game 654 (Stockfish-2500 vs RandomV0): 1-0 {White mates}
Score of RandomV0 vs Stockfish-2500: 0 - 653 - 0  [0.000] 653
Started game 657 of 1000 (RandomV0 vs Stockfish-2500)
Finished game 653 (RandomV0 vs Stockfish-2500): 0-1 {Black mates}
Score of RandomV0 vs Stockfish-2500: 0 - 654 - 0  [0.000] 654
Started game 658 of 1000 (Stockfish-2500 vs RandomV0)
Finished game 655 (RandomV0 vs Stockfish-2500): 0-1 {Black mates}
Score of RandomV0 vs Stockfish-2500: 0 - 655 - 0  [0.000] 655
Started game 659 of 1000 (RandomV0 vs Stockfish-2500)
Finished game 657 (RandomV0 vs Stockfish-2500): 0-1 {Black mates}
Score of RandomV0 vs Stockfish-2500: 0 - 656 - 0  [0.000] 656
Started game 660 of 1000 (Stockfish-2500 vs RandomV0)
Finished game 656 (Stockfish-2500 vs RandomV0): 1-0 {White mates}
Score of RandomV0 vs Stockfish-2500: 0 - 657 - 0  [0.000] 657
Started game 661 of 1000 (RandomV0 vs Stockfish-2500)
Finished game 658 (Stockfish-2500 vs RandomV0): 1-0 {White mates}
Score of RandomV0 vs Stockfish-2500: 0 - 658 - 0  [0.000] 658
Started game 662 of 1000 (Stockfish-2500 vs RandomV0)
Finished game 659 (RandomV0 vs Stockfish-2500): 0-1 {Black mates}
Score of RandomV0 vs Stockfish-2500: 0 - 659 - 0  [0.000] 659
Started game 663 of 1000 (RandomV0 vs Stockfish-2500)
Finished game 660 (Stockfish-2500 vs RandomV0): 1-0 {White mates}
Score of RandomV0 vs Stockfish-2500: 0 - 660 - 0  [0.000] 660
...      RandomV0 playing White: 0 - 330 - 0  [0.000] 330
...      RandomV0 playing Black: 0 - 330 - 0  [0.000] 330
...      White vs Black: 330 - 330 - 0  [0.500] 660
Elo difference: -inf +/- nan, LOS: 0.0 %, DrawRatio: 0.0 %
SPRT: llr 0 (0.0%), lbound -inf, ubound inf
Started game 664 of 1000 (Stockfish-2500 vs RandomV0)
Finished game 661 (RandomV0 vs Stockfish-2500): 0-1 {Black mates}
Score of RandomV0 vs Stockfish-2500: 0 - 661 - 0  [0.000] 661
Started game 665 of 1000 (RandomV0 vs Stockfish-2500)
Finished game 662 (Stockfish-2500 vs RandomV0): 1-0 {White mates}
Score of RandomV0 vs Stockfish-2500: 0 - 662 - 0  [0.000] 662
Started game 666 of 1000 (Stockfish-2500 vs RandomV0)
Finished game 664 (Stockfish-2500 vs RandomV0): 1-0 {White mates}
Score of RandomV0 vs Stockfish-2500: 0 - 663 - 0  [0.000] 663
Started game 667 of 1000 (RandomV0 vs Stockfish-2500)
Finished game 663 (RandomV0 vs Stockfish-2500): 0-1 {Black mates}
Score of RandomV0 vs Stockfish-2500: 0 - 664 - 0  [0.000] 664
Started game 668 of 1000 (Stockfish-2500 vs RandomV0)
Finished game 665 (RandomV0 vs Stockfish-2500): 0-1 {Black mates}
Score of RandomV0 vs Stockfish-2500: 0 - 665 - 0  [0.000] 665
Started game 669 of 1000 (RandomV0 vs Stockfish-2500)
Finished game 666 (Stockfish-2500 vs RandomV0): 1-0 {White mates}
Score of RandomV0 vs Stockfish-2500: 0 - 666 - 0  [0.000] 666
Started game 670 of 1000 (Stockfish-2500 vs RandomV0)
Finished game 670 (Stockfish-2500 vs RandomV0): 1-0 {White mates}
Score of RandomV0 vs Stockfish-2500: 0 - 667 - 0  [0.000] 667
Started game 671 of 1000 (RandomV0 vs Stockfish-2500)
Finished game 667 (RandomV0 vs Stockfish-2500): 0-1 {Black mates}
Score of RandomV0 vs Stockfish-2500: 0 - 668 - 0  [0.000] 668
Started game 672 of 1000 (Stockfish-2500 vs RandomV0)
Finished game 669 (RandomV0 vs Stockfish-2500): 0-1 {Black mates}
Score of RandomV0 vs Stockfish-2500: 0 - 669 - 0  [0.000] 669
Started game 673 of 1000 (RandomV0 vs Stockfish-2500)
Finished game 671 (RandomV0 vs Stockfish-2500): 0-1 {Black mates}
Score of RandomV0 vs Stockfish-2500: 0 - 670 - 0  [0.000] 670
Started game 674 of 1000 (Stockfish-2500 vs RandomV0)
Finished game 668 (Stockfish-2500 vs RandomV0): 1-0 {White mates}
Score of RandomV0 vs Stockfish-2500: 0 - 671 - 0  [0.000] 671
Started game 675 of 1000 (RandomV0 vs Stockfish-2500)
Finished game 672 (Stockfish-2500 vs RandomV0): 1-0 {White mates}
Score of RandomV0 vs Stockfish-2500: 0 - 672 - 0  [0.000] 672
Started game 676 of 1000 (Stockfish-2500 vs RandomV0)
Finished game 676 (Stockfish-2500 vs RandomV0): 1-0 {White mates}
Score of RandomV0 vs Stockfish-2500: 0 - 673 - 0  [0.000] 673
Started game 677 of 1000 (RandomV0 vs Stockfish-2500)
Finished game 673 (RandomV0 vs Stockfish-2500): 0-1 {Black mates}
Score of RandomV0 vs Stockfish-2500: 0 - 674 - 0  [0.000] 674
Started game 678 of 1000 (Stockfish-2500 vs RandomV0)
Finished game 674 (Stockfish-2500 vs RandomV0): 1-0 {White mates}
Score of RandomV0 vs Stockfish-2500: 0 - 675 - 0  [0.000] 675
Started game 679 of 1000 (RandomV0 vs Stockfish-2500)
Finished game 678 (Stockfish-2500 vs RandomV0): 1-0 {White mates}
Score of RandomV0 vs Stockfish-2500: 0 - 676 - 0  [0.000] 676
Started game 680 of 1000 (Stockfish-2500 vs RandomV0)
Finished game 675 (RandomV0 vs Stockfish-2500): 0-1 {Black mates}
Score of RandomV0 vs Stockfish-2500: 0 - 677 - 0  [0.000] 677
Started game 681 of 1000 (RandomV0 vs Stockfish-2500)
Finished game 680 (Stockfish-2500 vs RandomV0): 1-0 {White mates}
Score of RandomV0 vs Stockfish-2500: 0 - 678 - 0  [0.000] 678
Started game 682 of 1000 (Stockfish-2500 vs RandomV0)
Finished game 679 (RandomV0 vs Stockfish-2500): 0-1 {Black mates}
Score of RandomV0 vs Stockfish-2500: 0 - 679 - 0  [0.000] 679
Started game 683 of 1000 (RandomV0 vs Stockfish-2500)
Finished game 677 (RandomV0 vs Stockfish-2500): 0-1 {Black mates}
Score of RandomV0 vs Stockfish-2500: 0 - 680 - 0  [0.000] 680
...      RandomV0 playing White: 0 - 340 - 0  [0.000] 340
...      RandomV0 playing Black: 0 - 340 - 0  [0.000] 340
...      White vs Black: 340 - 340 - 0  [0.500] 680
Elo difference: -inf +/- nan, LOS: 0.0 %, DrawRatio: 0.0 %
SPRT: llr 0 (0.0%), lbound -inf, ubound inf
Started game 684 of 1000 (Stockfish-2500 vs RandomV0)
Finished game 681 (RandomV0 vs Stockfish-2500): 0-1 {Black mates}
Score of RandomV0 vs Stockfish-2500: 0 - 681 - 0  [0.000] 681
Started game 685 of 1000 (RandomV0 vs Stockfish-2500)
Finished game 685 (RandomV0 vs Stockfish-2500): 0-1 {Black mates}
Score of RandomV0 vs Stockfish-2500: 0 - 682 - 0  [0.000] 682
Started game 686 of 1000 (Stockfish-2500 vs RandomV0)
Finished game 683 (RandomV0 vs Stockfish-2500): 0-1 {Black mates}
Score of RandomV0 vs Stockfish-2500: 0 - 683 - 0  [0.000] 683
Started game 687 of 1000 (RandomV0 vs Stockfish-2500)
Finished game 682 (Stockfish-2500 vs RandomV0): 1-0 {White mates}
Score of RandomV0 vs Stockfish-2500: 0 - 684 - 0  [0.000] 684
Started game 688 of 1000 (Stockfish-2500 vs RandomV0)
Finished game 684 (Stockfish-2500 vs RandomV0): 1-0 {White mates}
Score of RandomV0 vs Stockfish-2500: 0 - 685 - 0  [0.000] 685
Started game 689 of 1000 (RandomV0 vs Stockfish-2500)
Finished game 686 (Stockfish-2500 vs RandomV0): 1-0 {White mates}
Score of RandomV0 vs Stockfish-2500: 0 - 686 - 0  [0.000] 686
Started game 690 of 1000 (Stockfish-2500 vs RandomV0)
Finished game 690 (Stockfish-2500 vs RandomV0): 1-0 {White mates}
Score of RandomV0 vs Stockfish-2500: 0 - 687 - 0  [0.000] 687
Started game 691 of 1000 (RandomV0 vs Stockfish-2500)
Finished game 689 (RandomV0 vs Stockfish-2500): 0-1 {Black mates}
Score of RandomV0 vs Stockfish-2500: 0 - 688 - 0  [0.000] 688
Started game 692 of 1000 (Stockfish-2500 vs RandomV0)
Finished game 687 (RandomV0 vs Stockfish-2500): 0-1 {Black mates}
Score of RandomV0 vs Stockfish-2500: 0 - 689 - 0  [0.000] 689
Started game 693 of 1000 (RandomV0 vs Stockfish-2500)
Finished game 691 (RandomV0 vs Stockfish-2500): 0-1 {Black mates}
Score of RandomV0 vs Stockfish-2500: 0 - 690 - 0  [0.000] 690
Started game 694 of 1000 (Stockfish-2500 vs RandomV0)
Finished game 688 (Stockfish-2500 vs RandomV0): 1-0 {White mates}
Score of RandomV0 vs Stockfish-2500: 0 - 691 - 0  [0.000] 691
Started game 695 of 1000 (RandomV0 vs Stockfish-2500)
Finished game 692 (Stockfish-2500 vs RandomV0): 1-0 {White mates}
Score of RandomV0 vs Stockfish-2500: 0 - 692 - 0  [0.000] 692
Started game 696 of 1000 (Stockfish-2500 vs RandomV0)
Finished game 693 (RandomV0 vs Stockfish-2500): 0-1 {Black mates}
Score of RandomV0 vs Stockfish-2500: 0 - 693 - 0  [0.000] 693
Started game 697 of 1000 (RandomV0 vs Stockfish-2500)
Finished game 694 (Stockfish-2500 vs RandomV0): 1-0 {White mates}
Score of RandomV0 vs Stockfish-2500: 0 - 694 - 0  [0.000] 694
Started game 698 of 1000 (Stockfish-2500 vs RandomV0)
Finished game 696 (Stockfish-2500 vs RandomV0): 1-0 {White mates}
Score of RandomV0 vs Stockfish-2500: 0 - 695 - 0  [0.000] 695
Started game 699 of 1000 (RandomV0 vs Stockfish-2500)
Finished game 695 (RandomV0 vs Stockfish-2500): 0-1 {Black mates}
Score of RandomV0 vs Stockfish-2500: 0 - 696 - 0  [0.000] 696
Started game 700 of 1000 (Stockfish-2500 vs RandomV0)
Finished game 699 (RandomV0 vs Stockfish-2500): 0-1 {Black mates}
Score of RandomV0 vs Stockfish-2500: 0 - 697 - 0  [0.000] 697
Started game 701 of 1000 (RandomV0 vs Stockfish-2500)
Finished game 697 (RandomV0 vs Stockfish-2500): 0-1 {Black mates}
Score of RandomV0 vs Stockfish-2500: 0 - 698 - 0  [0.000] 698
Started game 702 of 1000 (Stockfish-2500 vs RandomV0)
Finished game 698 (Stockfish-2500 vs RandomV0): 1-0 {White mates}
Score of RandomV0 vs Stockfish-2500: 0 - 699 - 0  [0.000] 699
Started game 703 of 1000 (RandomV0 vs Stockfish-2500)
Finished game 700 (Stockfish-2500 vs RandomV0): 1-0 {White mates}
Score of RandomV0 vs Stockfish-2500: 0 - 700 - 0  [0.000] 700
...      RandomV0 playing White: 0 - 350 - 0  [0.000] 350
...      RandomV0 playing Black: 0 - 350 - 0  [0.000] 350
...      White vs Black: 350 - 350 - 0  [0.500] 700
Elo difference: -inf +/- nan, LOS: 0.0 %, DrawRatio: 0.0 %
SPRT: llr 0 (0.0%), lbound -inf, ubound inf
Started game 704 of 1000 (Stockfish-2500 vs RandomV0)
Finished game 701 (RandomV0 vs Stockfish-2500): 0-1 {Black mates}
Score of RandomV0 vs Stockfish-2500: 0 - 701 - 0  [0.000] 701
Started game 705 of 1000 (RandomV0 vs Stockfish-2500)
Finished game 702 (Stockfish-2500 vs RandomV0): 1-0 {White mates}
Score of RandomV0 vs Stockfish-2500: 0 - 702 - 0  [0.000] 702
Started game 706 of 1000 (Stockfish-2500 vs RandomV0)
Finished game 705 (RandomV0 vs Stockfish-2500): 0-1 {Black mates}
Score of RandomV0 vs Stockfish-2500: 0 - 703 - 0  [0.000] 703
Started game 707 of 1000 (RandomV0 vs Stockfish-2500)
Finished game 703 (RandomV0 vs Stockfish-2500): 0-1 {Black mates}
Score of RandomV0 vs Stockfish-2500: 0 - 704 - 0  [0.000] 704
Started game 708 of 1000 (Stockfish-2500 vs RandomV0)
Finished game 704 (Stockfish-2500 vs RandomV0): 1-0 {White mates}
Score of RandomV0 vs Stockfish-2500: 0 - 705 - 0  [0.000] 705
Started game 709 of 1000 (RandomV0 vs Stockfish-2500)
Finished game 708 (Stockfish-2500 vs RandomV0): 1-0 {White mates}
Score of RandomV0 vs Stockfish-2500: 0 - 706 - 0  [0.000] 706
Started game 710 of 1000 (Stockfish-2500 vs RandomV0)
Finished game 706 (Stockfish-2500 vs RandomV0): 1-0 {White mates}
Score of RandomV0 vs Stockfish-2500: 0 - 707 - 0  [0.000] 707
Started game 711 of 1000 (RandomV0 vs Stockfish-2500)
Finished game 707 (RandomV0 vs Stockfish-2500): 0-1 {Black mates}
Score of RandomV0 vs Stockfish-2500: 0 - 708 - 0  [0.000] 708
Started game 712 of 1000 (Stockfish-2500 vs RandomV0)
Finished game 711 (RandomV0 vs Stockfish-2500): 0-1 {Black mates}
Score of RandomV0 vs Stockfish-2500: 0 - 709 - 0  [0.000] 709
Started game 713 of 1000 (RandomV0 vs Stockfish-2500)
Finished game 709 (RandomV0 vs Stockfish-2500): 0-1 {Black mates}
Score of RandomV0 vs Stockfish-2500: 0 - 710 - 0  [0.000] 710
Started game 714 of 1000 (Stockfish-2500 vs RandomV0)
Finished game 710 (Stockfish-2500 vs RandomV0): 1-0 {White mates}
Score of RandomV0 vs Stockfish-2500: 0 - 711 - 0  [0.000] 711
Started game 715 of 1000 (RandomV0 vs Stockfish-2500)
Finished game 712 (Stockfish-2500 vs RandomV0): 1-0 {White mates}
Score of RandomV0 vs Stockfish-2500: 0 - 712 - 0  [0.000] 712
Started game 716 of 1000 (Stockfish-2500 vs RandomV0)
Finished game 713 (RandomV0 vs Stockfish-2500): 0-1 {Black mates}
Score of RandomV0 vs Stockfish-2500: 0 - 713 - 0  [0.000] 713
Started game 717 of 1000 (RandomV0 vs Stockfish-2500)
Finished game 715 (RandomV0 vs Stockfish-2500): 0-1 {Black mates}
Score of RandomV0 vs Stockfish-2500: 0 - 714 - 0  [0.000] 714
Started game 718 of 1000 (Stockfish-2500 vs RandomV0)
Finished game 714 (Stockfish-2500 vs RandomV0): 1-0 {White mates}
Score of RandomV0 vs Stockfish-2500: 0 - 715 - 0  [0.000] 715
Started game 719 of 1000 (RandomV0 vs Stockfish-2500)
Finished game 716 (Stockfish-2500 vs RandomV0): 1-0 {White mates}
Score of RandomV0 vs Stockfish-2500: 0 - 716 - 0  [0.000] 716
Started game 720 of 1000 (Stockfish-2500 vs RandomV0)
Finished game 717 (RandomV0 vs Stockfish-2500): 0-1 {Black mates}
Score of RandomV0 vs Stockfish-2500: 0 - 717 - 0  [0.000] 717
Started game 721 of 1000 (RandomV0 vs Stockfish-2500)
Finished game 720 (Stockfish-2500 vs RandomV0): 1-0 {White mates}
Score of RandomV0 vs Stockfish-2500: 0 - 718 - 0  [0.000] 718
Started game 722 of 1000 (Stockfish-2500 vs RandomV0)
Finished game 718 (Stockfish-2500 vs RandomV0): 1-0 {White mates}
Score of RandomV0 vs Stockfish-2500: 0 - 719 - 0  [0.000] 719
Started game 723 of 1000 (RandomV0 vs Stockfish-2500)
Finished game 719 (RandomV0 vs Stockfish-2500): 0-1 {Black mates}
Score of RandomV0 vs Stockfish-2500: 0 - 720 - 0  [0.000] 720
...      RandomV0 playing White: 0 - 360 - 0  [0.000] 360
...      RandomV0 playing Black: 0 - 360 - 0  [0.000] 360
...      White vs Black: 360 - 360 - 0  [0.500] 720
Elo difference: -inf +/- nan, LOS: 0.0 %, DrawRatio: 0.0 %
SPRT: llr 0 (0.0%), lbound -inf, ubound inf
Started game 724 of 1000 (Stockfish-2500 vs RandomV0)
Finished game 722 (Stockfish-2500 vs RandomV0): 1-0 {White mates}
Score of RandomV0 vs Stockfish-2500: 0 - 721 - 0  [0.000] 721
Started game 725 of 1000 (RandomV0 vs Stockfish-2500)
Finished game 723 (RandomV0 vs Stockfish-2500): 0-1 {Black mates}
Score of RandomV0 vs Stockfish-2500: 0 - 722 - 0  [0.000] 722
Started game 726 of 1000 (Stockfish-2500 vs RandomV0)
Finished game 725 (RandomV0 vs Stockfish-2500): 0-1 {Black mates}
Score of RandomV0 vs Stockfish-2500: 0 - 723 - 0  [0.000] 723
Started game 727 of 1000 (RandomV0 vs Stockfish-2500)
Finished game 726 (Stockfish-2500 vs RandomV0): 1-0 {White mates}
Score of RandomV0 vs Stockfish-2500: 0 - 724 - 0  [0.000] 724
Started game 728 of 1000 (Stockfish-2500 vs RandomV0)
Finished game 721 (RandomV0 vs Stockfish-2500): 0-1 {Black mates}
Score of RandomV0 vs Stockfish-2500: 0 - 725 - 0  [0.000] 725
Started game 729 of 1000 (RandomV0 vs Stockfish-2500)
Finished game 724 (Stockfish-2500 vs RandomV0): 1-0 {White mates}
Score of RandomV0 vs Stockfish-2500: 0 - 726 - 0  [0.000] 726
Started game 730 of 1000 (Stockfish-2500 vs RandomV0)
Finished game 727 (RandomV0 vs Stockfish-2500): 0-1 {Black mates}
Score of RandomV0 vs Stockfish-2500: 0 - 727 - 0  [0.000] 727
Started game 731 of 1000 (RandomV0 vs Stockfish-2500)
Finished game 729 (RandomV0 vs Stockfish-2500): 0-1 {Black mates}
Score of RandomV0 vs Stockfish-2500: 0 - 728 - 0  [0.000] 728
Started game 732 of 1000 (Stockfish-2500 vs RandomV0)
Finished game 728 (Stockfish-2500 vs RandomV0): 1-0 {White mates}
Score of RandomV0 vs Stockfish-2500: 0 - 729 - 0  [0.000] 729
Started game 733 of 1000 (RandomV0 vs Stockfish-2500)
Finished game 730 (Stockfish-2500 vs RandomV0): 1-0 {White mates}
Score of RandomV0 vs Stockfish-2500: 0 - 730 - 0  [0.000] 730
Started game 734 of 1000 (Stockfish-2500 vs RandomV0)
Finished game 731 (RandomV0 vs Stockfish-2500): 0-1 {Black mates}
Score of RandomV0 vs Stockfish-2500: 0 - 731 - 0  [0.000] 731
Started game 735 of 1000 (RandomV0 vs Stockfish-2500)
Finished game 732 (Stockfish-2500 vs RandomV0): 1-0 {White mates}
Score of RandomV0 vs Stockfish-2500: 0 - 732 - 0  [0.000] 732
Started game 736 of 1000 (Stockfish-2500 vs RandomV0)
Finished game 733 (RandomV0 vs Stockfish-2500): 0-1 {Black mates}
Score of RandomV0 vs Stockfish-2500: 0 - 733 - 0  [0.000] 733
Started game 737 of 1000 (RandomV0 vs Stockfish-2500)
Finished game 734 (Stockfish-2500 vs RandomV0): 1-0 {White mates}
Score of RandomV0 vs Stockfish-2500: 0 - 734 - 0  [0.000] 734
Started game 738 of 1000 (Stockfish-2500 vs RandomV0)
Finished game 736 (Stockfish-2500 vs RandomV0): 1-0 {White mates}
Score of RandomV0 vs Stockfish-2500: 0 - 735 - 0  [0.000] 735
Started game 739 of 1000 (RandomV0 vs Stockfish-2500)
Finished game 738 (Stockfish-2500 vs RandomV0): 1-0 {White mates}
Score of RandomV0 vs Stockfish-2500: 0 - 736 - 0  [0.000] 736
Started game 740 of 1000 (Stockfish-2500 vs RandomV0)
Finished game 735 (RandomV0 vs Stockfish-2500): 0-1 {Black mates}
Score of RandomV0 vs Stockfish-2500: 0 - 737 - 0  [0.000] 737
Started game 741 of 1000 (RandomV0 vs Stockfish-2500)
Finished game 737 (RandomV0 vs Stockfish-2500): 0-1 {Black mates}
Score of RandomV0 vs Stockfish-2500: 0 - 738 - 0  [0.000] 738
Started game 742 of 1000 (Stockfish-2500 vs RandomV0)
Finished game 739 (RandomV0 vs Stockfish-2500): 0-1 {Black mates}
Score of RandomV0 vs Stockfish-2500: 0 - 739 - 0  [0.000] 739
Started game 743 of 1000 (RandomV0 vs Stockfish-2500)
Finished game 741 (RandomV0 vs Stockfish-2500): 0-1 {Black mates}
Score of RandomV0 vs Stockfish-2500: 0 - 740 - 0  [0.000] 740
...      RandomV0 playing White: 0 - 371 - 0  [0.000] 371
...      RandomV0 playing Black: 0 - 369 - 0  [0.000] 369
...      White vs Black: 369 - 371 - 0  [0.499] 740
Elo difference: -inf +/- nan, LOS: 0.0 %, DrawRatio: 0.0 %
SPRT: llr 0 (0.0%), lbound -inf, ubound inf
Started game 744 of 1000 (Stockfish-2500 vs RandomV0)
Finished game 740 (Stockfish-2500 vs RandomV0): 1-0 {White mates}
Score of RandomV0 vs Stockfish-2500: 0 - 741 - 0  [0.000] 741
Started game 745 of 1000 (RandomV0 vs Stockfish-2500)
Finished game 742 (Stockfish-2500 vs RandomV0): 1-0 {White mates}
Score of RandomV0 vs Stockfish-2500: 0 - 742 - 0  [0.000] 742
Started game 746 of 1000 (Stockfish-2500 vs RandomV0)
Finished game 746 (Stockfish-2500 vs RandomV0): 1-0 {White mates}
Score of RandomV0 vs Stockfish-2500: 0 - 743 - 0  [0.000] 743
Started game 747 of 1000 (RandomV0 vs Stockfish-2500)
Finished game 745 (RandomV0 vs Stockfish-2500): 0-1 {Black mates}
Score of RandomV0 vs Stockfish-2500: 0 - 744 - 0  [0.000] 744
Started game 748 of 1000 (Stockfish-2500 vs RandomV0)
Finished game 744 (Stockfish-2500 vs RandomV0): 1-0 {White mates}
Score of RandomV0 vs Stockfish-2500: 0 - 745 - 0  [0.000] 745
Started game 749 of 1000 (RandomV0 vs Stockfish-2500)
Finished game 747 (RandomV0 vs Stockfish-2500): 0-1 {Black mates}
Score of RandomV0 vs Stockfish-2500: 0 - 746 - 0  [0.000] 746
Started game 750 of 1000 (Stockfish-2500 vs RandomV0)
Finished game 743 (RandomV0 vs Stockfish-2500): 0-1 {Black mates}
Score of RandomV0 vs Stockfish-2500: 0 - 747 - 0  [0.000] 747
Started game 751 of 1000 (RandomV0 vs Stockfish-2500)
Finished game 750 (Stockfish-2500 vs RandomV0): 1-0 {White mates}
Score of RandomV0 vs Stockfish-2500: 0 - 748 - 0  [0.000] 748
Started game 752 of 1000 (Stockfish-2500 vs RandomV0)
Finished game 749 (RandomV0 vs Stockfish-2500): 0-1 {Black mates}
Score of RandomV0 vs Stockfish-2500: 0 - 749 - 0  [0.000] 749
Started game 753 of 1000 (RandomV0 vs Stockfish-2500)
Finished game 748 (Stockfish-2500 vs RandomV0): 1-0 {White mates}
Score of RandomV0 vs Stockfish-2500: 0 - 750 - 0  [0.000] 750
Started game 754 of 1000 (Stockfish-2500 vs RandomV0)
Finished game 751 (RandomV0 vs Stockfish-2500): 0-1 {Black mates}
Score of RandomV0 vs Stockfish-2500: 0 - 751 - 0  [0.000] 751
Started game 755 of 1000 (RandomV0 vs Stockfish-2500)
Finished game 753 (RandomV0 vs Stockfish-2500): 0-1 {Black mates}
Score of RandomV0 vs Stockfish-2500: 0 - 752 - 0  [0.000] 752
Started game 756 of 1000 (Stockfish-2500 vs RandomV0)
Finished game 752 (Stockfish-2500 vs RandomV0): 1-0 {White mates}
Score of RandomV0 vs Stockfish-2500: 0 - 753 - 0  [0.000] 753
Started game 757 of 1000 (RandomV0 vs Stockfish-2500)
Finished game 754 (Stockfish-2500 vs RandomV0): 1-0 {White mates}
Score of RandomV0 vs Stockfish-2500: 0 - 754 - 0  [0.000] 754
Started game 758 of 1000 (Stockfish-2500 vs RandomV0)
Finished game 755 (RandomV0 vs Stockfish-2500): 0-1 {Black mates}
Score of RandomV0 vs Stockfish-2500: 0 - 755 - 0  [0.000] 755
Started game 759 of 1000 (RandomV0 vs Stockfish-2500)
Finished game 757 (RandomV0 vs Stockfish-2500): 0-1 {Black mates}
Score of RandomV0 vs Stockfish-2500: 0 - 756 - 0  [0.000] 756
Started game 760 of 1000 (Stockfish-2500 vs RandomV0)
Finished game 756 (Stockfish-2500 vs RandomV0): 1-0 {White mates}
Score of RandomV0 vs Stockfish-2500: 0 - 757 - 0  [0.000] 757
Started game 761 of 1000 (RandomV0 vs Stockfish-2500)
Finished game 758 (Stockfish-2500 vs RandomV0): 1-0 {White mates}
Score of RandomV0 vs Stockfish-2500: 0 - 758 - 0  [0.000] 758
Started game 762 of 1000 (Stockfish-2500 vs RandomV0)
Finished game 760 (Stockfish-2500 vs RandomV0): 1-0 {White mates}
Score of RandomV0 vs Stockfish-2500: 0 - 759 - 0  [0.000] 759
Started game 763 of 1000 (RandomV0 vs Stockfish-2500)
Finished game 761 (RandomV0 vs Stockfish-2500): 0-1 {Black mates}
Score of RandomV0 vs Stockfish-2500: 0 - 760 - 0  [0.000] 760
...      RandomV0 playing White: 0 - 380 - 0  [0.000] 380
...      RandomV0 playing Black: 0 - 380 - 0  [0.000] 380
...      White vs Black: 380 - 380 - 0  [0.500] 760
Elo difference: -inf +/- nan, LOS: 0.0 %, DrawRatio: 0.0 %
SPRT: llr 0 (0.0%), lbound -inf, ubound inf
Started game 764 of 1000 (Stockfish-2500 vs RandomV0)
Finished game 759 (RandomV0 vs Stockfish-2500): 0-1 {Black mates}
Score of RandomV0 vs Stockfish-2500: 0 - 761 - 0  [0.000] 761
Started game 765 of 1000 (RandomV0 vs Stockfish-2500)
Finished game 763 (RandomV0 vs Stockfish-2500): 0-1 {Black mates}
Score of RandomV0 vs Stockfish-2500: 0 - 762 - 0  [0.000] 762
Started game 766 of 1000 (Stockfish-2500 vs RandomV0)
Finished game 762 (Stockfish-2500 vs RandomV0): 1-0 {White mates}
Score of RandomV0 vs Stockfish-2500: 0 - 763 - 0  [0.000] 763
Started game 767 of 1000 (RandomV0 vs Stockfish-2500)
Finished game 764 (Stockfish-2500 vs RandomV0): 1-0 {White mates}
Score of RandomV0 vs Stockfish-2500: 0 - 764 - 0  [0.000] 764
Started game 768 of 1000 (Stockfish-2500 vs RandomV0)
Finished game 765 (RandomV0 vs Stockfish-2500): 0-1 {Black mates}
Score of RandomV0 vs Stockfish-2500: 0 - 765 - 0  [0.000] 765
Started game 769 of 1000 (RandomV0 vs Stockfish-2500)
Finished game 766 (Stockfish-2500 vs RandomV0): 1-0 {White mates}
Score of RandomV0 vs Stockfish-2500: 0 - 766 - 0  [0.000] 766
Started game 770 of 1000 (Stockfish-2500 vs RandomV0)
Finished game 769 (RandomV0 vs Stockfish-2500): 0-1 {Black mates}
Score of RandomV0 vs Stockfish-2500: 0 - 767 - 0  [0.000] 767
Started game 771 of 1000 (RandomV0 vs Stockfish-2500)
Finished game 767 (RandomV0 vs Stockfish-2500): 0-1 {Black mates}
Score of RandomV0 vs Stockfish-2500: 0 - 768 - 0  [0.000] 768
Started game 772 of 1000 (Stockfish-2500 vs RandomV0)
Finished game 768 (Stockfish-2500 vs RandomV0): 1-0 {White mates}
Score of RandomV0 vs Stockfish-2500: 0 - 769 - 0  [0.000] 769
Started game 773 of 1000 (RandomV0 vs Stockfish-2500)
Finished game 771 (RandomV0 vs Stockfish-2500): 0-1 {Black mates}
Score of RandomV0 vs Stockfish-2500: 0 - 770 - 0  [0.000] 770
Started game 774 of 1000 (Stockfish-2500 vs RandomV0)
Finished game 773 (RandomV0 vs Stockfish-2500): 0-1 {Black mates}
Score of RandomV0 vs Stockfish-2500: 0 - 771 - 0  [0.000] 771
Started game 775 of 1000 (RandomV0 vs Stockfish-2500)
Finished game 770 (Stockfish-2500 vs RandomV0): 1-0 {White mates}
Score of RandomV0 vs Stockfish-2500: 0 - 772 - 0  [0.000] 772
Started game 776 of 1000 (Stockfish-2500 vs RandomV0)
Finished game 772 (Stockfish-2500 vs RandomV0): 1-0 {White mates}
Score of RandomV0 vs Stockfish-2500: 0 - 773 - 0  [0.000] 773
Started game 777 of 1000 (RandomV0 vs Stockfish-2500)
Finished game 775 (RandomV0 vs Stockfish-2500): 0-1 {Black mates}
Score of RandomV0 vs Stockfish-2500: 0 - 774 - 0  [0.000] 774
Started game 778 of 1000 (Stockfish-2500 vs RandomV0)
Finished game 774 (Stockfish-2500 vs RandomV0): 1-0 {White mates}
Score of RandomV0 vs Stockfish-2500: 0 - 775 - 0  [0.000] 775
Started game 779 of 1000 (RandomV0 vs Stockfish-2500)
Finished game 778 (Stockfish-2500 vs RandomV0): 1-0 {White mates}
Score of RandomV0 vs Stockfish-2500: 0 - 776 - 0  [0.000] 776
Started game 780 of 1000 (Stockfish-2500 vs RandomV0)
Finished game 776 (Stockfish-2500 vs RandomV0): 1-0 {White mates}
Score of RandomV0 vs Stockfish-2500: 0 - 777 - 0  [0.000] 777
Started game 781 of 1000 (RandomV0 vs Stockfish-2500)
Finished game 777 (RandomV0 vs Stockfish-2500): 0-1 {Black mates}
Score of RandomV0 vs Stockfish-2500: 0 - 778 - 0  [0.000] 778
Started game 782 of 1000 (Stockfish-2500 vs RandomV0)
Finished game 780 (Stockfish-2500 vs RandomV0): 1-0 {White mates}
Score of RandomV0 vs Stockfish-2500: 0 - 779 - 0  [0.000] 779
Started game 783 of 1000 (RandomV0 vs Stockfish-2500)
Finished game 782 (Stockfish-2500 vs RandomV0): 1-0 {White mates}
Score of RandomV0 vs Stockfish-2500: 0 - 780 - 0  [0.000] 780
...      RandomV0 playing White: 0 - 389 - 0  [0.000] 389
...      RandomV0 playing Black: 0 - 391 - 0  [0.000] 391
...      White vs Black: 391 - 389 - 0  [0.501] 780
Elo difference: -inf +/- nan, LOS: 0.0 %, DrawRatio: 0.0 %
SPRT: llr 0 (0.0%), lbound -inf, ubound inf
Started game 784 of 1000 (Stockfish-2500 vs RandomV0)
Finished game 779 (RandomV0 vs Stockfish-2500): 0-1 {Black mates}
Score of RandomV0 vs Stockfish-2500: 0 - 781 - 0  [0.000] 781
Started game 785 of 1000 (RandomV0 vs Stockfish-2500)
Finished game 781 (RandomV0 vs Stockfish-2500): 0-1 {Black mates}
Score of RandomV0 vs Stockfish-2500: 0 - 782 - 0  [0.000] 782
Started game 786 of 1000 (Stockfish-2500 vs RandomV0)
Finished game 785 (RandomV0 vs Stockfish-2500): 0-1 {Black mates}
Score of RandomV0 vs Stockfish-2500: 0 - 783 - 0  [0.000] 783
Started game 787 of 1000 (RandomV0 vs Stockfish-2500)
Finished game 784 (Stockfish-2500 vs RandomV0): 1-0 {White mates}
Score of RandomV0 vs Stockfish-2500: 0 - 784 - 0  [0.000] 784
Started game 788 of 1000 (Stockfish-2500 vs RandomV0)
Finished game 787 (RandomV0 vs Stockfish-2500): 0-1 {Black mates}
Score of RandomV0 vs Stockfish-2500: 0 - 785 - 0  [0.000] 785
Started game 789 of 1000 (RandomV0 vs Stockfish-2500)
Finished game 783 (RandomV0 vs Stockfish-2500): 0-1 {Black mates}
Score of RandomV0 vs Stockfish-2500: 0 - 786 - 0  [0.000] 786
Started game 790 of 1000 (Stockfish-2500 vs RandomV0)
Finished game 786 (Stockfish-2500 vs RandomV0): 1-0 {White mates}
Score of RandomV0 vs Stockfish-2500: 0 - 787 - 0  [0.000] 787
Started game 791 of 1000 (RandomV0 vs Stockfish-2500)
Finished game 788 (Stockfish-2500 vs RandomV0): 1-0 {White mates}
Score of RandomV0 vs Stockfish-2500: 0 - 788 - 0  [0.000] 788
Started game 792 of 1000 (Stockfish-2500 vs RandomV0)
Finished game 789 (RandomV0 vs Stockfish-2500): 0-1 {Black mates}
Score of RandomV0 vs Stockfish-2500: 0 - 789 - 0  [0.000] 789
Started game 793 of 1000 (RandomV0 vs Stockfish-2500)
Finished game 790 (Stockfish-2500 vs RandomV0): 1-0 {White mates}
Score of RandomV0 vs Stockfish-2500: 0 - 790 - 0  [0.000] 790
Started game 794 of 1000 (Stockfish-2500 vs RandomV0)
Finished game 792 (Stockfish-2500 vs RandomV0): 1-0 {White mates}
Score of RandomV0 vs Stockfish-2500: 0 - 791 - 0  [0.000] 791
Started game 795 of 1000 (RandomV0 vs Stockfish-2500)
Finished game 791 (RandomV0 vs Stockfish-2500): 0-1 {Black mates}
Score of RandomV0 vs Stockfish-2500: 0 - 792 - 0  [0.000] 792
Started game 796 of 1000 (Stockfish-2500 vs RandomV0)
Finished game 794 (Stockfish-2500 vs RandomV0): 1-0 {White mates}
Score of RandomV0 vs Stockfish-2500: 0 - 793 - 0  [0.000] 793
Started game 797 of 1000 (RandomV0 vs Stockfish-2500)
Finished game 795 (RandomV0 vs Stockfish-2500): 0-1 {Black mates}
Score of RandomV0 vs Stockfish-2500: 0 - 794 - 0  [0.000] 794
Started game 798 of 1000 (Stockfish-2500 vs RandomV0)
Finished game 796 (Stockfish-2500 vs RandomV0): 1-0 {White mates}
Score of RandomV0 vs Stockfish-2500: 0 - 795 - 0  [0.000] 795
Started game 799 of 1000 (RandomV0 vs Stockfish-2500)
Finished game 793 (RandomV0 vs Stockfish-2500): 0-1 {Black mates}
Score of RandomV0 vs Stockfish-2500: 0 - 796 - 0  [0.000] 796
Started game 800 of 1000 (Stockfish-2500 vs RandomV0)
Finished game 797 (RandomV0 vs Stockfish-2500): 0-1 {Black mates}
Score of RandomV0 vs Stockfish-2500: 0 - 797 - 0  [0.000] 797
Started game 801 of 1000 (RandomV0 vs Stockfish-2500)
Finished game 800 (Stockfish-2500 vs RandomV0): 1-0 {White mates}
Score of RandomV0 vs Stockfish-2500: 0 - 798 - 0  [0.000] 798
Started game 802 of 1000 (Stockfish-2500 vs RandomV0)
Finished game 798 (Stockfish-2500 vs RandomV0): 1-0 {White mates}
Score of RandomV0 vs Stockfish-2500: 0 - 799 - 0  [0.000] 799
Started game 803 of 1000 (RandomV0 vs Stockfish-2500)
Finished game 799 (RandomV0 vs Stockfish-2500): 0-1 {Black mates}
Score of RandomV0 vs Stockfish-2500: 0 - 800 - 0  [0.000] 800
...      RandomV0 playing White: 0 - 400 - 0  [0.000] 400
...      RandomV0 playing Black: 0 - 400 - 0  [0.000] 400
...      White vs Black: 400 - 400 - 0  [0.500] 800
Elo difference: -inf +/- nan, LOS: 0.0 %, DrawRatio: 0.0 %
SPRT: llr 0 (0.0%), lbound -inf, ubound inf
Started game 804 of 1000 (Stockfish-2500 vs RandomV0)
Finished game 801 (RandomV0 vs Stockfish-2500): 0-1 {Black mates}
Score of RandomV0 vs Stockfish-2500: 0 - 801 - 0  [0.000] 801
Started game 805 of 1000 (RandomV0 vs Stockfish-2500)
Finished game 802 (Stockfish-2500 vs RandomV0): 1-0 {White mates}
Score of RandomV0 vs Stockfish-2500: 0 - 802 - 0  [0.000] 802
Started game 806 of 1000 (Stockfish-2500 vs RandomV0)
Finished game 804 (Stockfish-2500 vs RandomV0): 1-0 {White mates}
Score of RandomV0 vs Stockfish-2500: 0 - 803 - 0  [0.000] 803
Started game 807 of 1000 (RandomV0 vs Stockfish-2500)
Finished game 803 (RandomV0 vs Stockfish-2500): 0-1 {Black mates}
Score of RandomV0 vs Stockfish-2500: 0 - 804 - 0  [0.000] 804
Started game 808 of 1000 (Stockfish-2500 vs RandomV0)
Finished game 806 (Stockfish-2500 vs RandomV0): 1-0 {White mates}
Score of RandomV0 vs Stockfish-2500: 0 - 805 - 0  [0.000] 805
Started game 809 of 1000 (RandomV0 vs Stockfish-2500)
Finished game 808 (Stockfish-2500 vs RandomV0): 1-0 {White mates}
Score of RandomV0 vs Stockfish-2500: 0 - 806 - 0  [0.000] 806
Started game 810 of 1000 (Stockfish-2500 vs RandomV0)
Finished game 805 (RandomV0 vs Stockfish-2500): 0-1 {Black mates}
Score of RandomV0 vs Stockfish-2500: 0 - 807 - 0  [0.000] 807
Started game 811 of 1000 (RandomV0 vs Stockfish-2500)
Finished game 807 (RandomV0 vs Stockfish-2500): 0-1 {Black mates}
Score of RandomV0 vs Stockfish-2500: 0 - 808 - 0  [0.000] 808
Started game 812 of 1000 (Stockfish-2500 vs RandomV0)
Finished game 812 (Stockfish-2500 vs RandomV0): 1-0 {White mates}
Score of RandomV0 vs Stockfish-2500: 0 - 809 - 0  [0.000] 809
Started game 813 of 1000 (RandomV0 vs Stockfish-2500)
Finished game 809 (RandomV0 vs Stockfish-2500): 0-1 {Black mates}
Score of RandomV0 vs Stockfish-2500: 0 - 810 - 0  [0.000] 810
Started game 814 of 1000 (Stockfish-2500 vs RandomV0)
Finished game 811 (RandomV0 vs Stockfish-2500): 0-1 {Black mates}
Score of RandomV0 vs Stockfish-2500: 0 - 811 - 0  [0.000] 811
Started game 815 of 1000 (RandomV0 vs Stockfish-2500)
Finished game 810 (Stockfish-2500 vs RandomV0): 1-0 {White mates}
Score of RandomV0 vs Stockfish-2500: 0 - 812 - 0  [0.000] 812
Started game 816 of 1000 (Stockfish-2500 vs RandomV0)
Finished game 815 (RandomV0 vs Stockfish-2500): 0-1 {Black mates}
Score of RandomV0 vs Stockfish-2500: 0 - 813 - 0  [0.000] 813
Started game 817 of 1000 (RandomV0 vs Stockfish-2500)
Finished game 814 (Stockfish-2500 vs RandomV0): 1-0 {White mates}
Score of RandomV0 vs Stockfish-2500: 0 - 814 - 0  [0.000] 814
Started game 818 of 1000 (Stockfish-2500 vs RandomV0)
Finished game 813 (RandomV0 vs Stockfish-2500): 0-1 {Black mates}
Score of RandomV0 vs Stockfish-2500: 0 - 815 - 0  [0.000] 815
Started game 819 of 1000 (RandomV0 vs Stockfish-2500)
Finished game 816 (Stockfish-2500 vs RandomV0): 1-0 {White mates}
Score of RandomV0 vs Stockfish-2500: 0 - 816 - 0  [0.000] 816
Started game 820 of 1000 (Stockfish-2500 vs RandomV0)
Finished game 820 (Stockfish-2500 vs RandomV0): 1-0 {White mates}
Score of RandomV0 vs Stockfish-2500: 0 - 817 - 0  [0.000] 817
Started game 821 of 1000 (RandomV0 vs Stockfish-2500)
Finished game 819 (RandomV0 vs Stockfish-2500): 0-1 {Black mates}
Score of RandomV0 vs Stockfish-2500: 0 - 818 - 0  [0.000] 818
Started game 822 of 1000 (Stockfish-2500 vs RandomV0)
Finished game 818 (Stockfish-2500 vs RandomV0): 1-0 {White mates}
Score of RandomV0 vs Stockfish-2500: 0 - 819 - 0  [0.000] 819
Started game 823 of 1000 (RandomV0 vs Stockfish-2500)
Finished game 817 (RandomV0 vs Stockfish-2500): 0-1 {Black mates}
Score of RandomV0 vs Stockfish-2500: 0 - 820 - 0  [0.000] 820
...      RandomV0 playing White: 0 - 410 - 0  [0.000] 410
...      RandomV0 playing Black: 0 - 410 - 0  [0.000] 410
...      White vs Black: 410 - 410 - 0  [0.500] 820
Elo difference: -inf +/- nan, LOS: 0.0 %, DrawRatio: 0.0 %
SPRT: llr 0 (0.0%), lbound -inf, ubound inf
Started game 824 of 1000 (Stockfish-2500 vs RandomV0)
Finished game 822 (Stockfish-2500 vs RandomV0): 1-0 {White mates}
Score of RandomV0 vs Stockfish-2500: 0 - 821 - 0  [0.000] 821
Started game 825 of 1000 (RandomV0 vs Stockfish-2500)
Finished game 821 (RandomV0 vs Stockfish-2500): 0-1 {Black mates}
Score of RandomV0 vs Stockfish-2500: 0 - 822 - 0  [0.000] 822
Started game 826 of 1000 (Stockfish-2500 vs RandomV0)
Finished game 824 (Stockfish-2500 vs RandomV0): 1-0 {White mates}
Score of RandomV0 vs Stockfish-2500: 0 - 823 - 0  [0.000] 823
Started game 827 of 1000 (RandomV0 vs Stockfish-2500)
Finished game 823 (RandomV0 vs Stockfish-2500): 0-1 {Black mates}
Score of RandomV0 vs Stockfish-2500: 0 - 824 - 0  [0.000] 824
Started game 828 of 1000 (Stockfish-2500 vs RandomV0)
Finished game 825 (RandomV0 vs Stockfish-2500): 0-1 {Black mates}
Score of RandomV0 vs Stockfish-2500: 0 - 825 - 0  [0.000] 825
Started game 829 of 1000 (RandomV0 vs Stockfish-2500)
Finished game 826 (Stockfish-2500 vs RandomV0): 1-0 {White mates}
Score of RandomV0 vs Stockfish-2500: 0 - 826 - 0  [0.000] 826
Started game 830 of 1000 (Stockfish-2500 vs RandomV0)
Finished game 827 (RandomV0 vs Stockfish-2500): 0-1 {Black mates}
Score of RandomV0 vs Stockfish-2500: 0 - 827 - 0  [0.000] 827
Started game 831 of 1000 (RandomV0 vs Stockfish-2500)
Finished game 828 (Stockfish-2500 vs RandomV0): 1-0 {White mates}
Score of RandomV0 vs Stockfish-2500: 0 - 828 - 0  [0.000] 828
Started game 832 of 1000 (Stockfish-2500 vs RandomV0)
Finished game 829 (RandomV0 vs Stockfish-2500): 0-1 {Black mates}
Score of RandomV0 vs Stockfish-2500: 0 - 829 - 0  [0.000] 829
Started game 833 of 1000 (RandomV0 vs Stockfish-2500)
Finished game 831 (RandomV0 vs Stockfish-2500): 0-1 {Black mates}
Score of RandomV0 vs Stockfish-2500: 0 - 830 - 0  [0.000] 830
Started game 834 of 1000 (Stockfish-2500 vs RandomV0)
Finished game 833 (RandomV0 vs Stockfish-2500): 0-1 {Black mates}
Score of RandomV0 vs Stockfish-2500: 0 - 831 - 0  [0.000] 831
Started game 835 of 1000 (RandomV0 vs Stockfish-2500)
Finished game 830 (Stockfish-2500 vs RandomV0): 1-0 {White mates}
Score of RandomV0 vs Stockfish-2500: 0 - 832 - 0  [0.000] 832
Started game 836 of 1000 (Stockfish-2500 vs RandomV0)
Finished game 832 (Stockfish-2500 vs RandomV0): 1-0 {White mates}
Score of RandomV0 vs Stockfish-2500: 0 - 833 - 0  [0.000] 833
Started game 837 of 1000 (RandomV0 vs Stockfish-2500)
Finished game 834 (Stockfish-2500 vs RandomV0): 1-0 {White mates}
Score of RandomV0 vs Stockfish-2500: 0 - 834 - 0  [0.000] 834
Started game 838 of 1000 (Stockfish-2500 vs RandomV0)
Finished game 835 (RandomV0 vs Stockfish-2500): 0-1 {Black mates}
Score of RandomV0 vs Stockfish-2500: 0 - 835 - 0  [0.000] 835
Started game 839 of 1000 (RandomV0 vs Stockfish-2500)
Finished game 836 (Stockfish-2500 vs RandomV0): 1-0 {White mates}
Score of RandomV0 vs Stockfish-2500: 0 - 836 - 0  [0.000] 836
Started game 840 of 1000 (Stockfish-2500 vs RandomV0)
Finished game 837 (RandomV0 vs Stockfish-2500): 0-1 {Black mates}
Score of RandomV0 vs Stockfish-2500: 0 - 837 - 0  [0.000] 837
Started game 841 of 1000 (RandomV0 vs Stockfish-2500)
Finished game 839 (RandomV0 vs Stockfish-2500): 0-1 {Black mates}
Score of RandomV0 vs Stockfish-2500: 0 - 838 - 0  [0.000] 838
Started game 842 of 1000 (Stockfish-2500 vs RandomV0)
Finished game 840 (Stockfish-2500 vs RandomV0): 1-0 {White mates}
Score of RandomV0 vs Stockfish-2500: 0 - 839 - 0  [0.000] 839
Started game 843 of 1000 (RandomV0 vs Stockfish-2500)
Finished game 838 (Stockfish-2500 vs RandomV0): 1-0 {White mates}
Score of RandomV0 vs Stockfish-2500: 0 - 840 - 0  [0.000] 840
...      RandomV0 playing White: 0 - 420 - 0  [0.000] 420
...      RandomV0 playing Black: 0 - 420 - 0  [0.000] 420
...      White vs Black: 420 - 420 - 0  [0.500] 840
Elo difference: -inf +/- nan, LOS: 0.0 %, DrawRatio: 0.0 %
SPRT: llr 0 (0.0%), lbound -inf, ubound inf
Started game 844 of 1000 (Stockfish-2500 vs RandomV0)
Finished game 843 (RandomV0 vs Stockfish-2500): 0-1 {Black mates}
Score of RandomV0 vs Stockfish-2500: 0 - 841 - 0  [0.000] 841
Started game 845 of 1000 (RandomV0 vs Stockfish-2500)
Finished game 841 (RandomV0 vs Stockfish-2500): 0-1 {Black mates}
Score of RandomV0 vs Stockfish-2500: 0 - 842 - 0  [0.000] 842
Started game 846 of 1000 (Stockfish-2500 vs RandomV0)
Finished game 842 (Stockfish-2500 vs RandomV0): 1-0 {White mates}
Score of RandomV0 vs Stockfish-2500: 0 - 843 - 0  [0.000] 843
Started game 847 of 1000 (RandomV0 vs Stockfish-2500)
Finished game 845 (RandomV0 vs Stockfish-2500): 0-1 {Black mates}
Score of RandomV0 vs Stockfish-2500: 0 - 844 - 0  [0.000] 844
Started game 848 of 1000 (Stockfish-2500 vs RandomV0)
Finished game 846 (Stockfish-2500 vs RandomV0): 1-0 {White mates}
Score of RandomV0 vs Stockfish-2500: 0 - 845 - 0  [0.000] 845
Started game 849 of 1000 (RandomV0 vs Stockfish-2500)
Finished game 847 (RandomV0 vs Stockfish-2500): 0-1 {Black mates}
Score of RandomV0 vs Stockfish-2500: 0 - 846 - 0  [0.000] 846
Started game 850 of 1000 (Stockfish-2500 vs RandomV0)
Finished game 844 (Stockfish-2500 vs RandomV0): 1-0 {White mates}
Score of RandomV0 vs Stockfish-2500: 0 - 847 - 0  [0.000] 847
Started game 851 of 1000 (RandomV0 vs Stockfish-2500)
Finished game 848 (Stockfish-2500 vs RandomV0): 1-0 {White mates}
Score of RandomV0 vs Stockfish-2500: 0 - 848 - 0  [0.000] 848
Started game 852 of 1000 (Stockfish-2500 vs RandomV0)
Finished game 849 (RandomV0 vs Stockfish-2500): 0-1 {Black mates}
Score of RandomV0 vs Stockfish-2500: 0 - 849 - 0  [0.000] 849
Started game 853 of 1000 (RandomV0 vs Stockfish-2500)
Finished game 852 (Stockfish-2500 vs RandomV0): 1-0 {White mates}
Score of RandomV0 vs Stockfish-2500: 0 - 850 - 0  [0.000] 850
Started game 854 of 1000 (Stockfish-2500 vs RandomV0)
Finished game 850 (Stockfish-2500 vs RandomV0): 1-0 {White mates}
Score of RandomV0 vs Stockfish-2500: 0 - 851 - 0  [0.000] 851
Started game 855 of 1000 (RandomV0 vs Stockfish-2500)
Finished game 851 (RandomV0 vs Stockfish-2500): 0-1 {Black mates}
Score of RandomV0 vs Stockfish-2500: 0 - 852 - 0  [0.000] 852
Started game 856 of 1000 (Stockfish-2500 vs RandomV0)
Finished game 853 (RandomV0 vs Stockfish-2500): 0-1 {Black mates}
Score of RandomV0 vs Stockfish-2500: 0 - 853 - 0  [0.000] 853
Started game 857 of 1000 (RandomV0 vs Stockfish-2500)
Finished game 855 (RandomV0 vs Stockfish-2500): 0-1 {Black mates}
Score of RandomV0 vs Stockfish-2500: 0 - 854 - 0  [0.000] 854
Started game 858 of 1000 (Stockfish-2500 vs RandomV0)
Finished game 854 (Stockfish-2500 vs RandomV0): 1-0 {White mates}
Score of RandomV0 vs Stockfish-2500: 0 - 855 - 0  [0.000] 855
Started game 859 of 1000 (RandomV0 vs Stockfish-2500)
Finished game 856 (Stockfish-2500 vs RandomV0): 1-0 {White mates}
Score of RandomV0 vs Stockfish-2500: 0 - 856 - 0  [0.000] 856
Started game 860 of 1000 (Stockfish-2500 vs RandomV0)
Finished game 859 (RandomV0 vs Stockfish-2500): 0-1 {Black mates}
Score of RandomV0 vs Stockfish-2500: 0 - 857 - 0  [0.000] 857
Started game 861 of 1000 (RandomV0 vs Stockfish-2500)
Finished game 857 (RandomV0 vs Stockfish-2500): 0-1 {Black mates}
Score of RandomV0 vs Stockfish-2500: 0 - 858 - 0  [0.000] 858
Started game 862 of 1000 (Stockfish-2500 vs RandomV0)
Finished game 858 (Stockfish-2500 vs RandomV0): 1-0 {White mates}
Score of RandomV0 vs Stockfish-2500: 0 - 859 - 0  [0.000] 859
Started game 863 of 1000 (RandomV0 vs Stockfish-2500)
Finished game 861 (RandomV0 vs Stockfish-2500): 0-1 {Black mates}
Score of RandomV0 vs Stockfish-2500: 0 - 860 - 0  [0.000] 860
...      RandomV0 playing White: 0 - 431 - 0  [0.000] 431
...      RandomV0 playing Black: 0 - 429 - 0  [0.000] 429
...      White vs Black: 429 - 431 - 0  [0.499] 860
Elo difference: -inf +/- nan, LOS: 0.0 %, DrawRatio: 0.0 %
SPRT: llr 0 (0.0%), lbound -inf, ubound inf
Started game 864 of 1000 (Stockfish-2500 vs RandomV0)
Finished game 860 (Stockfish-2500 vs RandomV0): 1-0 {White mates}
Score of RandomV0 vs Stockfish-2500: 0 - 861 - 0  [0.000] 861
Started game 865 of 1000 (RandomV0 vs Stockfish-2500)
Finished game 862 (Stockfish-2500 vs RandomV0): 1-0 {White mates}
Score of RandomV0 vs Stockfish-2500: 0 - 862 - 0  [0.000] 862
Started game 866 of 1000 (Stockfish-2500 vs RandomV0)
Finished game 865 (RandomV0 vs Stockfish-2500): 0-1 {Black mates}
Score of RandomV0 vs Stockfish-2500: 0 - 863 - 0  [0.000] 863
Started game 867 of 1000 (RandomV0 vs Stockfish-2500)
Finished game 864 (Stockfish-2500 vs RandomV0): 1-0 {White mates}
Score of RandomV0 vs Stockfish-2500: 0 - 864 - 0  [0.000] 864
Started game 868 of 1000 (Stockfish-2500 vs RandomV0)
Finished game 863 (RandomV0 vs Stockfish-2500): 0-1 {Black mates}
Score of RandomV0 vs Stockfish-2500: 0 - 865 - 0  [0.000] 865
Started game 869 of 1000 (RandomV0 vs Stockfish-2500)
Finished game 866 (Stockfish-2500 vs RandomV0): 1-0 {White mates}
Score of RandomV0 vs Stockfish-2500: 0 - 866 - 0  [0.000] 866
Started game 870 of 1000 (Stockfish-2500 vs RandomV0)
Finished game 867 (RandomV0 vs Stockfish-2500): 0-1 {Black mates}
Score of RandomV0 vs Stockfish-2500: 0 - 867 - 0  [0.000] 867
Started game 871 of 1000 (RandomV0 vs Stockfish-2500)
Finished game 870 (Stockfish-2500 vs RandomV0): 1-0 {White mates}
Score of RandomV0 vs Stockfish-2500: 0 - 868 - 0  [0.000] 868
Started game 872 of 1000 (Stockfish-2500 vs RandomV0)
Finished game 869 (RandomV0 vs Stockfish-2500): 0-1 {Black mates}
Score of RandomV0 vs Stockfish-2500: 0 - 869 - 0  [0.000] 869
Started game 873 of 1000 (RandomV0 vs Stockfish-2500)
Finished game 871 (RandomV0 vs Stockfish-2500): 0-1 {Black mates}
Score of RandomV0 vs Stockfish-2500: 0 - 870 - 0  [0.000] 870
Started game 874 of 1000 (Stockfish-2500 vs RandomV0)
Finished game 868 (Stockfish-2500 vs RandomV0): 1-0 {White mates}
Score of RandomV0 vs Stockfish-2500: 0 - 871 - 0  [0.000] 871
Started game 875 of 1000 (RandomV0 vs Stockfish-2500)
Finished game 873 (RandomV0 vs Stockfish-2500): 0-1 {Black mates}
Score of RandomV0 vs Stockfish-2500: 0 - 872 - 0  [0.000] 872
Started game 876 of 1000 (Stockfish-2500 vs RandomV0)
Finished game 872 (Stockfish-2500 vs RandomV0): 1-0 {White mates}
Score of RandomV0 vs Stockfish-2500: 0 - 873 - 0  [0.000] 873
Started game 877 of 1000 (RandomV0 vs Stockfish-2500)
Finished game 875 (RandomV0 vs Stockfish-2500): 0-1 {Black mates}
Score of RandomV0 vs Stockfish-2500: 0 - 874 - 0  [0.000] 874
Started game 878 of 1000 (Stockfish-2500 vs RandomV0)
Finished game 876 (Stockfish-2500 vs RandomV0): 1-0 {White mates}
Score of RandomV0 vs Stockfish-2500: 0 - 875 - 0  [0.000] 875
Started game 879 of 1000 (RandomV0 vs Stockfish-2500)
Finished game 874 (Stockfish-2500 vs RandomV0): 1-0 {White mates}
Score of RandomV0 vs Stockfish-2500: 0 - 876 - 0  [0.000] 876
Started game 880 of 1000 (Stockfish-2500 vs RandomV0)
Finished game 877 (RandomV0 vs Stockfish-2500): 0-1 {Black mates}
Score of RandomV0 vs Stockfish-2500: 0 - 877 - 0  [0.000] 877
Started game 881 of 1000 (RandomV0 vs Stockfish-2500)
Finished game 878 (Stockfish-2500 vs RandomV0): 1-0 {White mates}
Score of RandomV0 vs Stockfish-2500: 0 - 878 - 0  [0.000] 878
Started game 882 of 1000 (Stockfish-2500 vs RandomV0)
Finished game 879 (RandomV0 vs Stockfish-2500): 0-1 {Black mates}
Score of RandomV0 vs Stockfish-2500: 0 - 879 - 0  [0.000] 879
Started game 883 of 1000 (RandomV0 vs Stockfish-2500)
Finished game 881 (RandomV0 vs Stockfish-2500): 0-1 {Black mates}
Score of RandomV0 vs Stockfish-2500: 0 - 880 - 0  [0.000] 880
...      RandomV0 playing White: 0 - 441 - 0  [0.000] 441
...      RandomV0 playing Black: 0 - 439 - 0  [0.000] 439
...      White vs Black: 439 - 441 - 0  [0.499] 880
Elo difference: -inf +/- nan, LOS: 0.0 %, DrawRatio: 0.0 %
SPRT: llr 0 (0.0%), lbound -inf, ubound inf
Started game 884 of 1000 (Stockfish-2500 vs RandomV0)
Finished game 880 (Stockfish-2500 vs RandomV0): 1-0 {White mates}
Score of RandomV0 vs Stockfish-2500: 0 - 881 - 0  [0.000] 881
Started game 885 of 1000 (RandomV0 vs Stockfish-2500)
Finished game 882 (Stockfish-2500 vs RandomV0): 1-0 {White mates}
Score of RandomV0 vs Stockfish-2500: 0 - 882 - 0  [0.000] 882
Started game 886 of 1000 (Stockfish-2500 vs RandomV0)
Finished game 883 (RandomV0 vs Stockfish-2500): 0-1 {Black mates}
Score of RandomV0 vs Stockfish-2500: 0 - 883 - 0  [0.000] 883
Started game 887 of 1000 (RandomV0 vs Stockfish-2500)
Finished game 886 (Stockfish-2500 vs RandomV0): 1-0 {White mates}
Score of RandomV0 vs Stockfish-2500: 0 - 884 - 0  [0.000] 884
Started game 888 of 1000 (Stockfish-2500 vs RandomV0)
Finished game 885 (RandomV0 vs Stockfish-2500): 0-1 {Black mates}
Score of RandomV0 vs Stockfish-2500: 0 - 885 - 0  [0.000] 885
Started game 889 of 1000 (RandomV0 vs Stockfish-2500)
Finished game 884 (Stockfish-2500 vs RandomV0): 1-0 {White mates}
Score of RandomV0 vs Stockfish-2500: 0 - 886 - 0  [0.000] 886
Started game 890 of 1000 (Stockfish-2500 vs RandomV0)
Finished game 887 (RandomV0 vs Stockfish-2500): 0-1 {Black mates}
Score of RandomV0 vs Stockfish-2500: 0 - 887 - 0  [0.000] 887
Started game 891 of 1000 (RandomV0 vs Stockfish-2500)
Finished game 888 (Stockfish-2500 vs RandomV0): 1-0 {White mates}
Score of RandomV0 vs Stockfish-2500: 0 - 888 - 0  [0.000] 888
Started game 892 of 1000 (Stockfish-2500 vs RandomV0)
Finished game 889 (RandomV0 vs Stockfish-2500): 0-1 {Black mates}
Score of RandomV0 vs Stockfish-2500: 0 - 889 - 0  [0.000] 889
Started game 893 of 1000 (RandomV0 vs Stockfish-2500)
Finished game 890 (Stockfish-2500 vs RandomV0): 1-0 {White mates}
Score of RandomV0 vs Stockfish-2500: 0 - 890 - 0  [0.000] 890
Started game 894 of 1000 (Stockfish-2500 vs RandomV0)
Finished game 891 (RandomV0 vs Stockfish-2500): 0-1 {Black mates}
Score of RandomV0 vs Stockfish-2500: 0 - 891 - 0  [0.000] 891
Started game 895 of 1000 (RandomV0 vs Stockfish-2500)
Finished game 893 (RandomV0 vs Stockfish-2500): 0-1 {Black mates}
Score of RandomV0 vs Stockfish-2500: 0 - 892 - 0  [0.000] 892
Started game 896 of 1000 (Stockfish-2500 vs RandomV0)
Finished game 892 (Stockfish-2500 vs RandomV0): 1-0 {White mates}
Score of RandomV0 vs Stockfish-2500: 0 - 893 - 0  [0.000] 893
Started game 897 of 1000 (RandomV0 vs Stockfish-2500)
Finished game 896 (Stockfish-2500 vs RandomV0): 1-0 {White mates}
Score of RandomV0 vs Stockfish-2500: 0 - 894 - 0  [0.000] 894
Started game 898 of 1000 (Stockfish-2500 vs RandomV0)
Finished game 895 (RandomV0 vs Stockfish-2500): 0-1 {Black mates}
Score of RandomV0 vs Stockfish-2500: 0 - 895 - 0  [0.000] 895
Started game 899 of 1000 (RandomV0 vs Stockfish-2500)
Finished game 897 (RandomV0 vs Stockfish-2500): 0-1 {Black mates}
Score of RandomV0 vs Stockfish-2500: 0 - 896 - 0  [0.000] 896
Started game 900 of 1000 (Stockfish-2500 vs RandomV0)
Finished game 894 (Stockfish-2500 vs RandomV0): 1-0 {White mates}
Score of RandomV0 vs Stockfish-2500: 0 - 897 - 0  [0.000] 897
Started game 901 of 1000 (RandomV0 vs Stockfish-2500)
Finished game 898 (Stockfish-2500 vs RandomV0): 1-0 {White mates}
Score of RandomV0 vs Stockfish-2500: 0 - 898 - 0  [0.000] 898
Started game 902 of 1000 (Stockfish-2500 vs RandomV0)
Finished game 901 (RandomV0 vs Stockfish-2500): 0-1 {Black mates}
Score of RandomV0 vs Stockfish-2500: 0 - 899 - 0  [0.000] 899
Started game 903 of 1000 (RandomV0 vs Stockfish-2500)
Finished game 899 (RandomV0 vs Stockfish-2500): 0-1 {Black mates}
Score of RandomV0 vs Stockfish-2500: 0 - 900 - 0  [0.000] 900
...      RandomV0 playing White: 0 - 451 - 0  [0.000] 451
...      RandomV0 playing Black: 0 - 449 - 0  [0.000] 449
...      White vs Black: 449 - 451 - 0  [0.499] 900
Elo difference: -inf +/- nan, LOS: 0.0 %, DrawRatio: 0.0 %
SPRT: llr 0 (0.0%), lbound -inf, ubound inf
Started game 904 of 1000 (Stockfish-2500 vs RandomV0)
Finished game 900 (Stockfish-2500 vs RandomV0): 1-0 {White mates}
Score of RandomV0 vs Stockfish-2500: 0 - 901 - 0  [0.000] 901
Started game 905 of 1000 (RandomV0 vs Stockfish-2500)
Finished game 902 (Stockfish-2500 vs RandomV0): 1-0 {White mates}
Score of RandomV0 vs Stockfish-2500: 0 - 902 - 0  [0.000] 902
Started game 906 of 1000 (Stockfish-2500 vs RandomV0)
Finished game 903 (RandomV0 vs Stockfish-2500): 0-1 {Black mates}
Score of RandomV0 vs Stockfish-2500: 0 - 903 - 0  [0.000] 903
Started game 907 of 1000 (RandomV0 vs Stockfish-2500)
Finished game 904 (Stockfish-2500 vs RandomV0): 1-0 {White mates}
Score of RandomV0 vs Stockfish-2500: 0 - 904 - 0  [0.000] 904
Started game 908 of 1000 (Stockfish-2500 vs RandomV0)
Finished game 906 (Stockfish-2500 vs RandomV0): 1-0 {White mates}
Score of RandomV0 vs Stockfish-2500: 0 - 905 - 0  [0.000] 905
Started game 909 of 1000 (RandomV0 vs Stockfish-2500)
Finished game 907 (RandomV0 vs Stockfish-2500): 0-1 {Black mates}
Score of RandomV0 vs Stockfish-2500: 0 - 906 - 0  [0.000] 906
Started game 910 of 1000 (Stockfish-2500 vs RandomV0)
Finished game 905 (RandomV0 vs Stockfish-2500): 0-1 {Black mates}
Score of RandomV0 vs Stockfish-2500: 0 - 907 - 0  [0.000] 907
Started game 911 of 1000 (RandomV0 vs Stockfish-2500)
Finished game 908 (Stockfish-2500 vs RandomV0): 1-0 {White mates}
Score of RandomV0 vs Stockfish-2500: 0 - 908 - 0  [0.000] 908
Started game 912 of 1000 (Stockfish-2500 vs RandomV0)
Finished game 909 (RandomV0 vs Stockfish-2500): 0-1 {Black mates}
Score of RandomV0 vs Stockfish-2500: 0 - 909 - 0  [0.000] 909
Started game 913 of 1000 (RandomV0 vs Stockfish-2500)
Finished game 911 (RandomV0 vs Stockfish-2500): 0-1 {Black mates}
Score of RandomV0 vs Stockfish-2500: 0 - 910 - 0  [0.000] 910
Started game 914 of 1000 (Stockfish-2500 vs RandomV0)
Finished game 912 (Stockfish-2500 vs RandomV0): 1-0 {White mates}
Score of RandomV0 vs Stockfish-2500: 0 - 911 - 0  [0.000] 911
Started game 915 of 1000 (RandomV0 vs Stockfish-2500)
Finished game 910 (Stockfish-2500 vs RandomV0): 1-0 {White mates}
Score of RandomV0 vs Stockfish-2500: 0 - 912 - 0  [0.000] 912
Started game 916 of 1000 (Stockfish-2500 vs RandomV0)
Finished game 913 (RandomV0 vs Stockfish-2500): 0-1 {Black mates}
Score of RandomV0 vs Stockfish-2500: 0 - 913 - 0  [0.000] 913
Started game 917 of 1000 (RandomV0 vs Stockfish-2500)
Finished game 914 (Stockfish-2500 vs RandomV0): 1-0 {White mates}
Score of RandomV0 vs Stockfish-2500: 0 - 914 - 0  [0.000] 914
Started game 918 of 1000 (Stockfish-2500 vs RandomV0)
Finished game 915 (RandomV0 vs Stockfish-2500): 0-1 {Black mates}
Score of RandomV0 vs Stockfish-2500: 0 - 915 - 0  [0.000] 915
Started game 919 of 1000 (RandomV0 vs Stockfish-2500)
Finished game 916 (Stockfish-2500 vs RandomV0): 1-0 {White mates}
Score of RandomV0 vs Stockfish-2500: 0 - 916 - 0  [0.000] 916
Started game 920 of 1000 (Stockfish-2500 vs RandomV0)
Finished game 917 (RandomV0 vs Stockfish-2500): 0-1 {Black mates}
Score of RandomV0 vs Stockfish-2500: 0 - 917 - 0  [0.000] 917
Started game 921 of 1000 (RandomV0 vs Stockfish-2500)
Finished game 920 (Stockfish-2500 vs RandomV0): 1-0 {White mates}
Score of RandomV0 vs Stockfish-2500: 0 - 918 - 0  [0.000] 918
Started game 922 of 1000 (Stockfish-2500 vs RandomV0)
Finished game 918 (Stockfish-2500 vs RandomV0): 1-0 {White mates}
Score of RandomV0 vs Stockfish-2500: 0 - 919 - 0  [0.000] 919
Started game 923 of 1000 (RandomV0 vs Stockfish-2500)
Finished game 921 (RandomV0 vs Stockfish-2500): 0-1 {Black mates}
Score of RandomV0 vs Stockfish-2500: 0 - 920 - 0  [0.000] 920
...      RandomV0 playing White: 0 - 460 - 0  [0.000] 460
...      RandomV0 playing Black: 0 - 460 - 0  [0.000] 460
...      White vs Black: 460 - 460 - 0  [0.500] 920
Elo difference: -inf +/- nan, LOS: 0.0 %, DrawRatio: 0.0 %
SPRT: llr 0 (0.0%), lbound -inf, ubound inf
Started game 924 of 1000 (Stockfish-2500 vs RandomV0)
Finished game 919 (RandomV0 vs Stockfish-2500): 0-1 {Black mates}
Score of RandomV0 vs Stockfish-2500: 0 - 921 - 0  [0.000] 921
Started game 925 of 1000 (RandomV0 vs Stockfish-2500)
Finished game 924 (Stockfish-2500 vs RandomV0): 1-0 {White mates}
Score of RandomV0 vs Stockfish-2500: 0 - 922 - 0  [0.000] 922
Started game 926 of 1000 (Stockfish-2500 vs RandomV0)
Finished game 923 (RandomV0 vs Stockfish-2500): 0-1 {Black mates}
Score of RandomV0 vs Stockfish-2500: 0 - 923 - 0  [0.000] 923
Started game 927 of 1000 (RandomV0 vs Stockfish-2500)
Finished game 922 (Stockfish-2500 vs RandomV0): 1-0 {White mates}
Score of RandomV0 vs Stockfish-2500: 0 - 924 - 0  [0.000] 924
Started game 928 of 1000 (Stockfish-2500 vs RandomV0)
Finished game 926 (Stockfish-2500 vs RandomV0): 1-0 {White mates}
Score of RandomV0 vs Stockfish-2500: 0 - 925 - 0  [0.000] 925
Started game 929 of 1000 (RandomV0 vs Stockfish-2500)
Finished game 927 (RandomV0 vs Stockfish-2500): 0-1 {Black mates}
Score of RandomV0 vs Stockfish-2500: 0 - 926 - 0  [0.000] 926
Started game 930 of 1000 (Stockfish-2500 vs RandomV0)
Finished game 925 (RandomV0 vs Stockfish-2500): 0-1 {Black mates}
Score of RandomV0 vs Stockfish-2500: 0 - 927 - 0  [0.000] 927
Started game 931 of 1000 (RandomV0 vs Stockfish-2500)
Finished game 931 (RandomV0 vs Stockfish-2500): 0-1 {Black mates}
Score of RandomV0 vs Stockfish-2500: 0 - 928 - 0  [0.000] 928
Started game 932 of 1000 (Stockfish-2500 vs RandomV0)
Finished game 929 (RandomV0 vs Stockfish-2500): 0-1 {Black mates}
Score of RandomV0 vs Stockfish-2500: 0 - 929 - 0  [0.000] 929
Started game 933 of 1000 (RandomV0 vs Stockfish-2500)
Finished game 928 (Stockfish-2500 vs RandomV0): 1-0 {White mates}
Score of RandomV0 vs Stockfish-2500: 0 - 930 - 0  [0.000] 930
Started game 934 of 1000 (Stockfish-2500 vs RandomV0)
Finished game 930 (Stockfish-2500 vs RandomV0): 1-0 {White mates}
Score of RandomV0 vs Stockfish-2500: 0 - 931 - 0  [0.000] 931
Started game 935 of 1000 (RandomV0 vs Stockfish-2500)
Finished game 932 (Stockfish-2500 vs RandomV0): 1-0 {White mates}
Score of RandomV0 vs Stockfish-2500: 0 - 932 - 0  [0.000] 932
Started game 936 of 1000 (Stockfish-2500 vs RandomV0)
Finished game 933 (RandomV0 vs Stockfish-2500): 0-1 {Black mates}
Score of RandomV0 vs Stockfish-2500: 0 - 933 - 0  [0.000] 933
Started game 937 of 1000 (RandomV0 vs Stockfish-2500)
Finished game 934 (Stockfish-2500 vs RandomV0): 1-0 {White mates}
Score of RandomV0 vs Stockfish-2500: 0 - 934 - 0  [0.000] 934
Started game 938 of 1000 (Stockfish-2500 vs RandomV0)
Finished game 937 (RandomV0 vs Stockfish-2500): 0-1 {Black mates}
Score of RandomV0 vs Stockfish-2500: 0 - 935 - 0  [0.000] 935
Started game 939 of 1000 (RandomV0 vs Stockfish-2500)
Finished game 935 (RandomV0 vs Stockfish-2500): 0-1 {Black mates}
Score of RandomV0 vs Stockfish-2500: 0 - 936 - 0  [0.000] 936
Started game 940 of 1000 (Stockfish-2500 vs RandomV0)
Finished game 939 (RandomV0 vs Stockfish-2500): 0-1 {Black mates}
Score of RandomV0 vs Stockfish-2500: 0 - 937 - 0  [0.000] 937
Started game 941 of 1000 (RandomV0 vs Stockfish-2500)
Finished game 936 (Stockfish-2500 vs RandomV0): 1-0 {White mates}
Score of RandomV0 vs Stockfish-2500: 0 - 938 - 0  [0.000] 938
Started game 942 of 1000 (Stockfish-2500 vs RandomV0)
Finished game 940 (Stockfish-2500 vs RandomV0): 1-0 {White mates}
Score of RandomV0 vs Stockfish-2500: 0 - 939 - 0  [0.000] 939
Started game 943 of 1000 (RandomV0 vs Stockfish-2500)
Finished game 938 (Stockfish-2500 vs RandomV0): 1-0 {White mates}
Score of RandomV0 vs Stockfish-2500: 0 - 940 - 0  [0.000] 940
...      RandomV0 playing White: 0 - 470 - 0  [0.000] 470
...      RandomV0 playing Black: 0 - 470 - 0  [0.000] 470
...      White vs Black: 470 - 470 - 0  [0.500] 940
Elo difference: -inf +/- nan, LOS: 0.0 %, DrawRatio: 0.0 %
SPRT: llr 0 (0.0%), lbound -inf, ubound inf
Started game 944 of 1000 (Stockfish-2500 vs RandomV0)
Finished game 941 (RandomV0 vs Stockfish-2500): 0-1 {Black mates}
Score of RandomV0 vs Stockfish-2500: 0 - 941 - 0  [0.000] 941
Started game 945 of 1000 (RandomV0 vs Stockfish-2500)
Finished game 942 (Stockfish-2500 vs RandomV0): 1-0 {White mates}
Score of RandomV0 vs Stockfish-2500: 0 - 942 - 0  [0.000] 942
Started game 946 of 1000 (Stockfish-2500 vs RandomV0)
Finished game 944 (Stockfish-2500 vs RandomV0): 1-0 {White mates}
Score of RandomV0 vs Stockfish-2500: 0 - 943 - 0  [0.000] 943
Started game 947 of 1000 (RandomV0 vs Stockfish-2500)
Finished game 943 (RandomV0 vs Stockfish-2500): 0-1 {Black mates}
Score of RandomV0 vs Stockfish-2500: 0 - 944 - 0  [0.000] 944
Started game 948 of 1000 (Stockfish-2500 vs RandomV0)
Finished game 947 (RandomV0 vs Stockfish-2500): 0-1 {Black mates}
Score of RandomV0 vs Stockfish-2500: 0 - 945 - 0  [0.000] 945
Started game 949 of 1000 (RandomV0 vs Stockfish-2500)
Finished game 945 (RandomV0 vs Stockfish-2500): 0-1 {Black mates}
Score of RandomV0 vs Stockfish-2500: 0 - 946 - 0  [0.000] 946
Started game 950 of 1000 (Stockfish-2500 vs RandomV0)
Finished game 946 (Stockfish-2500 vs RandomV0): 1-0 {White mates}
Score of RandomV0 vs Stockfish-2500: 0 - 947 - 0  [0.000] 947
Started game 951 of 1000 (RandomV0 vs Stockfish-2500)
Finished game 948 (Stockfish-2500 vs RandomV0): 1-0 {White mates}
Score of RandomV0 vs Stockfish-2500: 0 - 948 - 0  [0.000] 948
Started game 952 of 1000 (Stockfish-2500 vs RandomV0)
Finished game 950 (Stockfish-2500 vs RandomV0): 1-0 {White mates}
Score of RandomV0 vs Stockfish-2500: 0 - 949 - 0  [0.000] 949
Started game 953 of 1000 (RandomV0 vs Stockfish-2500)
Finished game 949 (RandomV0 vs Stockfish-2500): 0-1 {Black mates}
Score of RandomV0 vs Stockfish-2500: 0 - 950 - 0  [0.000] 950
Started game 954 of 1000 (Stockfish-2500 vs RandomV0)
Finished game 951 (RandomV0 vs Stockfish-2500): 0-1 {Black mates}
Score of RandomV0 vs Stockfish-2500: 0 - 951 - 0  [0.000] 951
Started game 955 of 1000 (RandomV0 vs Stockfish-2500)
Finished game 952 (Stockfish-2500 vs RandomV0): 1-0 {White mates}
Score of RandomV0 vs Stockfish-2500: 0 - 952 - 0  [0.000] 952
Started game 956 of 1000 (Stockfish-2500 vs RandomV0)
Finished game 954 (Stockfish-2500 vs RandomV0): 1-0 {White mates}
Score of RandomV0 vs Stockfish-2500: 0 - 953 - 0  [0.000] 953
Started game 957 of 1000 (RandomV0 vs Stockfish-2500)
Finished game 956 (Stockfish-2500 vs RandomV0): 1-0 {White mates}
Score of RandomV0 vs Stockfish-2500: 0 - 954 - 0  [0.000] 954
Started game 958 of 1000 (Stockfish-2500 vs RandomV0)
Finished game 955 (RandomV0 vs Stockfish-2500): 0-1 {Black mates}
Score of RandomV0 vs Stockfish-2500: 0 - 955 - 0  [0.000] 955
Started game 959 of 1000 (RandomV0 vs Stockfish-2500)
Finished game 953 (RandomV0 vs Stockfish-2500): 0-1 {Black mates}
Score of RandomV0 vs Stockfish-2500: 0 - 956 - 0  [0.000] 956
Started game 960 of 1000 (Stockfish-2500 vs RandomV0)
Finished game 957 (RandomV0 vs Stockfish-2500): 0-1 {Black mates}
Score of RandomV0 vs Stockfish-2500: 0 - 957 - 0  [0.000] 957
Started game 961 of 1000 (RandomV0 vs Stockfish-2500)
Finished game 958 (Stockfish-2500 vs RandomV0): 1-0 {White mates}
Score of RandomV0 vs Stockfish-2500: 0 - 958 - 0  [0.000] 958
Started game 962 of 1000 (Stockfish-2500 vs RandomV0)
Finished game 959 (RandomV0 vs Stockfish-2500): 0-1 {Black mates}
Score of RandomV0 vs Stockfish-2500: 0 - 959 - 0  [0.000] 959
Started game 963 of 1000 (RandomV0 vs Stockfish-2500)
Finished game 960 (Stockfish-2500 vs RandomV0): 1-0 {White mates}
Score of RandomV0 vs Stockfish-2500: 0 - 960 - 0  [0.000] 960
...      RandomV0 playing White: 0 - 480 - 0  [0.000] 480
...      RandomV0 playing Black: 0 - 480 - 0  [0.000] 480
...      White vs Black: 480 - 480 - 0  [0.500] 960
Elo difference: -inf +/- nan, LOS: 0.0 %, DrawRatio: 0.0 %
SPRT: llr 0 (0.0%), lbound -inf, ubound inf
Started game 964 of 1000 (Stockfish-2500 vs RandomV0)
Finished game 963 (RandomV0 vs Stockfish-2500): 0-1 {Black mates}
Score of RandomV0 vs Stockfish-2500: 0 - 961 - 0  [0.000] 961
Started game 965 of 1000 (RandomV0 vs Stockfish-2500)
Finished game 962 (Stockfish-2500 vs RandomV0): 1-0 {White mates}
Score of RandomV0 vs Stockfish-2500: 0 - 962 - 0  [0.000] 962
Started game 966 of 1000 (Stockfish-2500 vs RandomV0)
Finished game 961 (RandomV0 vs Stockfish-2500): 0-1 {Black mates}
Score of RandomV0 vs Stockfish-2500: 0 - 963 - 0  [0.000] 963
Started game 967 of 1000 (RandomV0 vs Stockfish-2500)
Finished game 966 (Stockfish-2500 vs RandomV0): 1-0 {White mates}
Score of RandomV0 vs Stockfish-2500: 0 - 964 - 0  [0.000] 964
Started game 968 of 1000 (Stockfish-2500 vs RandomV0)
Finished game 965 (RandomV0 vs Stockfish-2500): 0-1 {Black mates}
Score of RandomV0 vs Stockfish-2500: 0 - 965 - 0  [0.000] 965
Started game 969 of 1000 (RandomV0 vs Stockfish-2500)
Finished game 964 (Stockfish-2500 vs RandomV0): 1-0 {White mates}
Score of RandomV0 vs Stockfish-2500: 0 - 966 - 0  [0.000] 966
Started game 970 of 1000 (Stockfish-2500 vs RandomV0)
Finished game 970 (Stockfish-2500 vs RandomV0): 1-0 {White mates}
Score of RandomV0 vs Stockfish-2500: 0 - 967 - 0  [0.000] 967
Started game 971 of 1000 (RandomV0 vs Stockfish-2500)
Finished game 969 (RandomV0 vs Stockfish-2500): 0-1 {Black mates}
Score of RandomV0 vs Stockfish-2500: 0 - 968 - 0  [0.000] 968
Started game 972 of 1000 (Stockfish-2500 vs RandomV0)
Finished game 968 (Stockfish-2500 vs RandomV0): 1-0 {White mates}
Score of RandomV0 vs Stockfish-2500: 0 - 969 - 0  [0.000] 969
Started game 973 of 1000 (RandomV0 vs Stockfish-2500)
Finished game 967 (RandomV0 vs Stockfish-2500): 0-1 {Black mates}
Score of RandomV0 vs Stockfish-2500: 0 - 970 - 0  [0.000] 970
Started game 974 of 1000 (Stockfish-2500 vs RandomV0)
Finished game 972 (Stockfish-2500 vs RandomV0): 1-0 {White mates}
Score of RandomV0 vs Stockfish-2500: 0 - 971 - 0  [0.000] 971
Started game 975 of 1000 (RandomV0 vs Stockfish-2500)
Finished game 971 (RandomV0 vs Stockfish-2500): 0-1 {Black mates}
Score of RandomV0 vs Stockfish-2500: 0 - 972 - 0  [0.000] 972
Started game 976 of 1000 (Stockfish-2500 vs RandomV0)
Finished game 974 (Stockfish-2500 vs RandomV0): 1-0 {White mates}
Score of RandomV0 vs Stockfish-2500: 0 - 973 - 0  [0.000] 973
Started game 977 of 1000 (RandomV0 vs Stockfish-2500)
Finished game 975 (RandomV0 vs Stockfish-2500): 0-1 {Black mates}
Score of RandomV0 vs Stockfish-2500: 0 - 974 - 0  [0.000] 974
Started game 978 of 1000 (Stockfish-2500 vs RandomV0)
Finished game 973 (RandomV0 vs Stockfish-2500): 0-1 {Black mates}
Score of RandomV0 vs Stockfish-2500: 0 - 975 - 0  [0.000] 975
Started game 979 of 1000 (RandomV0 vs Stockfish-2500)
Finished game 976 (Stockfish-2500 vs RandomV0): 1-0 {White mates}
Score of RandomV0 vs Stockfish-2500: 0 - 976 - 0  [0.000] 976
Started game 980 of 1000 (Stockfish-2500 vs RandomV0)
Finished game 978 (Stockfish-2500 vs RandomV0): 1-0 {White mates}
Score of RandomV0 vs Stockfish-2500: 0 - 977 - 0  [0.000] 977
Started game 981 of 1000 (RandomV0 vs Stockfish-2500)
Finished game 977 (RandomV0 vs Stockfish-2500): 0-1 {Black mates}
Score of RandomV0 vs Stockfish-2500: 0 - 978 - 0  [0.000] 978
Started game 982 of 1000 (Stockfish-2500 vs RandomV0)
Finished game 980 (Stockfish-2500 vs RandomV0): 1-0 {White mates}
Score of RandomV0 vs Stockfish-2500: 0 - 979 - 0  [0.000] 979
Started game 983 of 1000 (RandomV0 vs Stockfish-2500)
Finished game 979 (RandomV0 vs Stockfish-2500): 0-1 {Black mates}
Score of RandomV0 vs Stockfish-2500: 0 - 980 - 0  [0.000] 980
...      RandomV0 playing White: 0 - 490 - 0  [0.000] 490
...      RandomV0 playing Black: 0 - 490 - 0  [0.000] 490
...      White vs Black: 490 - 490 - 0  [0.500] 980
Elo difference: -inf +/- nan, LOS: 0.0 %, DrawRatio: 0.0 %
SPRT: llr 0 (0.0%), lbound -inf, ubound inf
Started game 984 of 1000 (Stockfish-2500 vs RandomV0)
Finished game 983 (RandomV0 vs Stockfish-2500): 0-1 {Black mates}
Score of RandomV0 vs Stockfish-2500: 0 - 981 - 0  [0.000] 981
Started game 985 of 1000 (RandomV0 vs Stockfish-2500)
Finished game 981 (RandomV0 vs Stockfish-2500): 0-1 {Black mates}
Score of RandomV0 vs Stockfish-2500: 0 - 982 - 0  [0.000] 982
Started game 986 of 1000 (Stockfish-2500 vs RandomV0)
Finished game 985 (RandomV0 vs Stockfish-2500): 0-1 {Black mates}
Score of RandomV0 vs Stockfish-2500: 0 - 983 - 0  [0.000] 983
Started game 987 of 1000 (RandomV0 vs Stockfish-2500)
Finished game 984 (Stockfish-2500 vs RandomV0): 1-0 {White mates}
Score of RandomV0 vs Stockfish-2500: 0 - 984 - 0  [0.000] 984
Started game 988 of 1000 (Stockfish-2500 vs RandomV0)
Finished game 982 (Stockfish-2500 vs RandomV0): 1-0 {White mates}
Score of RandomV0 vs Stockfish-2500: 0 - 985 - 0  [0.000] 985
Started game 989 of 1000 (RandomV0 vs Stockfish-2500)
Finished game 986 (Stockfish-2500 vs RandomV0): 1-0 {White mates}
Score of RandomV0 vs Stockfish-2500: 0 - 986 - 0  [0.000] 986
Started game 990 of 1000 (Stockfish-2500 vs RandomV0)
Finished game 989 (RandomV0 vs Stockfish-2500): 0-1 {Black mates}
Score of RandomV0 vs Stockfish-2500: 0 - 987 - 0  [0.000] 987
Started game 991 of 1000 (RandomV0 vs Stockfish-2500)
Finished game 987 (RandomV0 vs Stockfish-2500): 0-1 {Black mates}
Score of RandomV0 vs Stockfish-2500: 0 - 988 - 0  [0.000] 988
Started game 992 of 1000 (Stockfish-2500 vs RandomV0)
Finished game 988 (Stockfish-2500 vs RandomV0): 1-0 {White mates}
Score of RandomV0 vs Stockfish-2500: 0 - 989 - 0  [0.000] 989
Started game 993 of 1000 (RandomV0 vs Stockfish-2500)
Finished game 992 (Stockfish-2500 vs RandomV0): 1-0 {White mates}
Score of RandomV0 vs Stockfish-2500: 0 - 990 - 0  [0.000] 990
Finished game 990 (Stockfish-2500 vs RandomV0): 1-0 {White mates}
Score of RandomV0 vs Stockfish-2500: 0 - 991 - 0  [0.000] 991
Started game 995 of 1000 (RandomV0 vs Stockfish-2500)
Started game 994 of 1000 (Stockfish-2500 vs RandomV0)
Finished game 991 (RandomV0 vs Stockfish-2500): 0-1 {Black mates}
Score of RandomV0 vs Stockfish-2500: 0 - 992 - 0  [0.000] 992
Started game 996 of 1000 (Stockfish-2500 vs RandomV0)
Finished game 995 (RandomV0 vs Stockfish-2500): 0-1 {Black mates}
Score of RandomV0 vs Stockfish-2500: 0 - 993 - 0  [0.000] 993
Started game 997 of 1000 (RandomV0 vs Stockfish-2500)
Finished game 993 (RandomV0 vs Stockfish-2500): 0-1 {Black mates}
Score of RandomV0 vs Stockfish-2500: 0 - 994 - 0  [0.000] 994
Started game 998 of 1000 (Stockfish-2500 vs RandomV0)
Finished game 994 (Stockfish-2500 vs RandomV0): 1-0 {White mates}
Score of RandomV0 vs Stockfish-2500: 0 - 995 - 0  [0.000] 995
Started game 999 of 1000 (RandomV0 vs Stockfish-2500)
Finished game 996 (Stockfish-2500 vs RandomV0): 1-0 {White mates}
Score of RandomV0 vs Stockfish-2500: 0 - 996 - 0  [0.000] 996
Started game 1000 of 1000 (Stockfish-2500 vs RandomV0)
Finished game 998 (Stockfish-2500 vs RandomV0): 1-0 {White mates}
Score of RandomV0 vs Stockfish-2500: 0 - 997 - 0  [0.000] 997
Finished game 997 (RandomV0 vs Stockfish-2500): 0-1 {Black mates}
Score of RandomV0 vs Stockfish-2500: 0 - 998 - 0  [0.000] 998
Finished game 999 (RandomV0 vs Stockfish-2500): 0-1 {Black mates}
Score of RandomV0 vs Stockfish-2500: 0 - 999 - 0  [0.000] 999
Finished game 1000 (Stockfish-2500 vs RandomV0): 1-0 {White mates}
Score of RandomV0 vs Stockfish-2500: 0 - 1000 - 0  [0.000] 1000
...      RandomV0 playing White: 0 - 500 - 0  [0.000] 500
...      RandomV0 playing Black: 0 - 500 - 0  [0.000] 500
...      White vs Black: 500 - 500 - 0  [0.500] 1000
Elo difference: -inf +/- nan, LOS: 0.0 %, DrawRatio: 0.0 %
SPRT: llr 0 (0.0%), lbound -inf, ubound inf

Player: RandomV0
   "Loss: Black mates": 500
   "Loss: White mates": 500
Player: Stockfish-2500
   "Win: Black mates": 500
   "Win: White mates": 500
Finished match
